dot_id,longitude,latitude,SA2_Code,SA2_Name,State_Name,NOM_2024_25,Dot_Value
101021007_1,149.8357,-35.670496,101021007,Braidwood,New South Wales,10,100
101021008_1,149.226765,-35.374848,101021008,Karabar,New South Wales,38,100
101021009_1,149.226071,-35.342266,101021009,Queanbeyan,New South Wales,114,100
101021009_2,149.226008,-35.355417,101021009,Queanbeyan,New South Wales,114,100
101021010_1,149.26008,-35.366996,101021010,Queanbeyan - East,New South Wales,56,100
101021012_1,149.210483,-35.363155,101021012,Queanbeyan West - Jerrabomberra,New South Wales,89,100
101021610_1,149.232386,-35.424273,101021610,Googong,New South Wales,27,100
101021611_1,149.500934,-35.712708,101021611,Queanbeyan Surrounds,New South Wales,47,100
101031013_1,148.68145,-36.952575,101031013,Bombala,New South Wales,2,100
101031014_1,149.158555,-36.256741,101031014,Cooma,New South Wales,53,100
101031015_1,149.110032,-36.484097,101031015,Cooma Surrounds,New South Wales,4,100
101031016_1,148.397104,-36.813051,101031016,Jindabyne - Berridale,New South Wales,64,100
101041017_1,150.171966,-35.703866,101041017,Batemans Bay,New South Wales,26,100
101041018_1,150.207393,-35.775072,101041018,Batemans Bay - South,New South Wales,26,100
101041019_1,149.977302,-36.739124,101041019,Bega - Tathra,New South Wales,18,100
101041020_1,149.732718,-37.405034,101041020,Bega-Eden Hinterland,New South Wales,18,100
101041021_1,150.159082,-35.860052,101041021,Broulee - Tomakin,New South Wales,10,100
101041023_1,149.924886,-37.018401,101041023,Eden,New South Wales,4,100
101041024_1,150.031353,-36.176865,101041024,Eurobodalla Hinterland,New South Wales,6,100
101041025_1,149.846348,-36.895622,101041025,Merimbula - Tura Beach,New South Wales,36,100
101041026_1,150.071887,-35.973677,101041026,Moruya - Tuross Head,New South Wales,20,100
101041027_1,150.064548,-36.413685,101041027,Narooma - Bermagui,New South Wales,23,100
101051539_1,149.750811,-34.712976,101051539,Goulburn,New South Wales,122,100
101051539_2,149.676639,-34.75806,101051539,Goulburn,New South Wales,122,100
101051540_1,149.318336,-34.449796,101051540,Goulburn Surrounds,New South Wales,26,100
101061541_1,148.895588,-34.798838,101061541,Yass,New South Wales,22,100
101061542_1,149.077068,-35.074518,101061542,Yass Surrounds,New South Wales,40,100
101061543_1,148.387652,-34.347885,101061543,Young,New South Wales,28,100
101061544_1,148.452218,-34.228706,101061544,Young Surrounds,New South Wales,13,100
102011028_1,151.423101,-33.477264,102011028,Avoca Beach - Copacabana,New South Wales,68,100
102011029_1,151.400448,-33.514907,102011029,Box Head - MacMasters Beach,New South Wales,59,100
102011030_1,151.248418,-33.233637,102011030,Calga - Kulnura,New South Wales,24,100
102011031_1,151.424135,-33.403698,102011031,Erina - Green Point,New South Wales,94,100
102011032_1,151.338624,-33.428601,102011032,Gosford - Springfield,New South Wales,219,100
102011032_2,151.330463,-33.42451,102011032,Gosford - Springfield,New South Wales,219,100
102011032_3,151.3298,-33.412258,102011032,Gosford - Springfield,New South Wales,219,100
102011033_1,151.288359,-33.447871,102011033,Kariong,New South Wales,28,100
102011034_1,151.389518,-33.468452,102011034,Kincumber - Picketts Valley,New South Wales,33,100
102011035_1,151.339072,-33.396201,102011035,Narara,New South Wales,40,100
102011036_1,151.36471,-33.37294,102011036,Niagara Park - Lisarow,New South Wales,29,100
102011037_1,151.32594,-33.443941,102011037,Point Clare - Koolewong,New South Wales,35,100
102011038_1,151.336528,-33.476174,102011038,Saratoga - Davistown,New South Wales,36,100
102011039_1,151.418553,-33.455779,102011039,Terrigal - North Avoca,New South Wales,162,100
102011039_2,151.412628,-33.444597,102011039,Terrigal - North Avoca,New South Wales,162,100
102011040_1,151.304533,-33.525127,102011040,Umina - Booker Bay - Patonga,New South Wales,137,100
102011040_2,151.273161,-33.551214,102011040,Umina - Booker Bay - Patonga,New South Wales,137,100
102011041_1,151.478329,-33.39816,102011041,Wamberal - Forresters Beach,New South Wales,63,100
102011042_1,151.305861,-33.483925,102011042,Woy Woy - Blackwall,New South Wales,76,100
102011043_1,151.356349,-33.395405,102011043,Wyoming,New South Wales,48,100
102021044_1,151.456144,-33.362739,102021044,Bateau Bay - Killarney Vale,New South Wales,68,100
102021045_1,151.501076,-33.194743,102021045,Blue Haven - San Remo,New South Wales,39,100
102021046_1,151.552939,-33.234446,102021046,Budgewoi - Buff Point - Halekulani,New South Wales,26,100
102021047_1,151.420424,-33.32855,102021047,Chittaway Bay - Tumbi Umbi,New South Wales,67,100
102021048_1,151.51316,-33.247878,102021048,Gorokan - Kanwal - Charmhaven,New South Wales,85,100
102021049_1,151.351368,-33.145915,102021049,Jilliby - Yarramalong,New South Wales,16,100
102021050_1,151.588069,-33.196123,102021050,Lake Munmorah - Mannering Park,New South Wales,29,100
102021051_1,151.356797,-33.295569,102021051,Ourimbah - Fountaindale,New South Wales,27,100
102021052_1,151.559278,-33.136261,102021052,Summerland Point - Gwandalan,New South Wales,16,100
102021053_1,151.523054,-33.311132,102021053,The Entrance,New South Wales,99,100
102021054_1,151.553329,-33.250162,102021054,Toukley - Norah Head,New South Wales,22,100
102021055_1,151.415663,-33.321029,102021055,Tuggerah - Kangy Angy,New South Wales,40,100
102021056_1,151.484715,-33.258165,102021056,Warnervale - Wadalba,New South Wales,88,100
102021057_1,151.4324,-33.287067,102021057,Wyong,New South Wales,50,100
103011059_1,149.613789,-33.450551,103011059,Bathurst - East,New South Wales,45,100
103011060_1,149.468093,-33.606739,103011060,Bathurst Surrounds,New South Wales,11,100
103011061_1,149.780235,-34.033881,103011061,Oberon,New South Wales,9,100
103011612_1,149.551823,-33.43886,103011612,Bathurst - South,New South Wales,73,100
103011613_1,149.522358,-33.410151,103011613,Bathurst - West,New South Wales,37,100
103021062_1,147.09511,-33.079139,103021062,Condobolin,New South Wales,13,100
103021063_1,148.582352,-33.702364,103021063,Cowra,New South Wales,15,100
103021064_1,149.080393,-33.839638,103021064,Cowra Surrounds,New South Wales,8,100
103021065_1,148.048094,-33.651788,103021065,Forbes,New South Wales,13,100
103021066_1,148.214206,-33.722542,103021066,Grenfell,New South Wales,14,100
103021067_1,148.149514,-33.192689,103021067,Parkes (NSW),New South Wales,26,100
103021068_1,147.739037,-33.105034,103021068,Parkes Surrounds,New South Wales,6,100
103021069_1,147.630272,-34.021698,103021069,West Wyalong,New South Wales,11,100
103031070_1,150.080882,-33.470557,103031070,Lithgow,New South Wales,27,100
103031071_1,149.815721,-33.106472,103031071,Lithgow Surrounds,New South Wales,18,100
103031072_1,149.588719,-32.57571,103031072,Mudgee,New South Wales,47,100
103031073_1,150.026344,-32.482398,103031073,Mudgee Surrounds - East,New South Wales,3,100
103031074_1,149.541498,-32.72814,103031074,Mudgee Surrounds - West,New South Wales,26,100
103041076_1,149.125807,-33.779386,103041076,Blayney,New South Wales,13,100
103041077_1,149.130963,-33.311665,103041077,Orange,New South Wales,70,100
103041078_1,149.105544,-33.228579,103041078,Orange - North,New South Wales,101,100
103041078_2,149.199983,-33.233374,103041078,Orange - North,New South Wales,101,100
103041079_1,148.789452,-33.026262,103041079,Orange Surrounds,New South Wales,18,100
104011080_1,152.903211,-29.682572,104011080,Grafton,New South Wales,35,100
104011081_1,152.361065,-29.566064,104011081,Grafton Surrounds,New South Wales,25,100
104011082_1,153.137738,-29.29143,104011082,Maclean - Yamba - Iluka,New South Wales,53,100
104021083_1,152.667067,-30.521303,104021083,Bellingen,New South Wales,21,100
104021084_1,153.137069,-30.287836,104021084,Coffs Harbour - North,New South Wales,108,100
104021084_2,153.129705,-30.268171,104021084,Coffs Harbour - North,New South Wales,108,100
104021085_1,153.128413,-30.305097,104021085,Coffs Harbour - South,New South Wales,86,100
104021086_1,153.092541,-30.110795,104021086,Coramba - Nana Glen - Bucca,New South Wales,13,100
104021087_1,152.677866,-30.301637,104021087,Dorrigo,New South Wales,7,100
104021088_1,153.159413,-30.181957,104021088,Korora - Emerald Beach,New South Wales,62,100
104021089_1,153.086061,-30.360969,104021089,Sawtell - Boambee,New South Wales,64,100
104021090_1,153.009183,-30.475368,104021090,Urunga,New South Wales,13,100
104021091_1,153.134397,-30.025479,104021091,Woolgoolga - Arrawarra,New South Wales,99,100
105011092_1,144.5164,-29.657258,105011092,Bourke - Brewarrina,New South Wales,11,100
105011093_1,145.760241,-31.66885,105011093,Cobar,New South Wales,11,100
105011094_1,147.768666,-31.188879,105011094,Coonamble,New South Wales,8,100
105011095_1,146.694438,-31.051584,105011095,Nyngan - Warren,New South Wales,14,100
105011096_1,148.081599,-29.611171,105011096,Walgett - Lightning Ridge,New South Wales,10,100
105021097_1,141.430018,-31.95697,105021097,Broken Hill,New South Wales,39,100
105021098_1,141.486277,-29.03244,105021098,Far West,New South Wales,7,100
105031099_1,148.870177,-30.936588,105031099,Coonabarabran,New South Wales,18,100
105031100_1,148.678597,-32.242836,105031100,Dubbo - East,New South Wales,54,100
105031101_1,148.617555,-32.281206,105031101,Dubbo - South,New South Wales,92,100
105031102_1,148.548465,-32.199022,105031102,Dubbo - West,New South Wales,52,100
105031103_1,148.588876,-32.645623,105031103,Dubbo Surrounds,New South Wales,5,100
105031104_1,148.5232,-31.560618,105031104,Gilgandra,New South Wales,10,100
105031105_1,148.075228,-31.917944,105031105,Narromine,New South Wales,10,100
105031106_1,148.727963,-32.496768,105031106,Wellington,New South Wales,23,100
106011107_1,151.356337,-32.665632,106011107,Branxton - Greta - Pokolbin,New South Wales,30,100
106011108_1,151.365196,-32.847385,106011108,Cessnock,New South Wales,34,100
106011109_1,150.952311,-33.035993,106011109,Cessnock Surrounds,New South Wales,12,100
106011110_1,151.771059,-32.444174,106011110,Dungog,New South Wales,12,100
106011111_1,151.447451,-32.831143,106011111,Kurri Kurri - Abermain,New South Wales,32,100
106011112_1,151.133119,-32.583371,106011112,Singleton,New South Wales,82,100
106011113_1,150.855921,-32.679868,106011113,Singleton Surrounds,New South Wales,8,100
106021114_1,151.534009,-32.792354,106021114,Maitland,New South Wales,18,100
106021116_1,151.561262,-32.642819,106021116,Maitland - North,New South Wales,19,100
106021614_1,151.57572,-32.774403,106021614,East Maitland - Metford,New South Wales,55,100
106021615_1,151.485658,-32.655896,106021615,Rutherford (North) - Aberglasslyn,New South Wales,69,100
106021616_1,151.494053,-32.721015,106021616,Rutherford (South) - Telarah,New South Wales,11,100
106021617_1,151.6276,-32.733849,106021617,Tenambit - East Maitland,New South Wales,19,100
106021618_1,151.644899,-32.763655,106021618,Thornton - Millers Forest,New South Wales,36,100
106031119_1,152.041715,-32.777631,106031119,Anna Bay,New South Wales,25,100
106031120_1,151.997209,-32.729614,106031120,Lemon Tree Passage - Tanilba Bay,New South Wales,18,100
106031121_1,152.081857,-32.736289,106031121,Nelson Bay Peninsula,New South Wales,118,100
106031121_2,152.158625,-32.715317,106031121,Nelson Bay Peninsula,New South Wales,118,100
106031122_1,151.698154,-32.824163,106031122,Raymond Terrace,New South Wales,33,100
106031123_1,151.77403,-32.64245,106031123,Seaham - Woodville,New South Wales,6,100
106031124_1,152.037752,-32.634203,106031124,Tea Gardens - Hawks Nest,New South Wales,19,100
106031125_1,151.924095,-32.693128,106031125,Williamtown - Medowie - Karuah,New South Wales,39,100
106041126_1,150.900192,-32.353597,106041126,Muswellbrook,New South Wales,42,100
106041127_1,150.433923,-32.541068,106041127,Muswellbrook Surrounds,New South Wales,17,100
106041128_1,150.8411,-32.093672,106041128,Scone,New South Wales,48,100
106041129_1,150.935156,-32.080958,106041129,Scone Surrounds,New South Wales,19,100
107011131_1,150.749232,-34.516199,107011131,Dapto - Avondale,New South Wales,40,100
107011132_1,150.739787,-34.481039,107011132,Horsley - Kembla Grange,New South Wales,23,100
107011134_1,150.822859,-34.44645,107011134,Unanderra - Mount Kembla,New South Wales,46,100
107011545_1,150.854053,-34.466908,107011545,Berkeley - Lake Heights - Cringila,New South Wales,66,100
107011546_1,150.879782,-34.481727,107011546,Port Kembla - Warrawong,New South Wales,39,100
107011547_1,150.882568,-34.515447,107011547,Windang - Primbee,New South Wales,25,100
107031136_1,150.702322,-34.558398,107031136,Albion Park - Macquarie Pass,New South Wales,39,100
107031137_1,150.779786,-34.552137,107031137,Albion Park Rail,New South Wales,13,100
107031138_1,150.85245,-34.687941,107031138,Kiama,New South Wales,44,100
107031139_1,150.855585,-34.630006,107031139,Kiama Downs - Minnamurra,New South Wales,16,100
107031140_1,150.755258,-34.689638,107031140,Kiama Hinterland - Gerringong,New South Wales,32,100
107031141_1,150.817629,-34.590123,107031141,Shellharbour - Flinders,New South Wales,62,100
107031142_1,150.833136,-34.568986,107031142,Shellharbour - Oak Flats,New South Wales,42,100
107031143_1,150.84568,-34.548194,107031143,Warilla,New South Wales,62,100
107041144_1,150.880338,-34.3806,107041144,Balgownie - Fairy Meadow,New South Wales,203,100
107041144_2,150.907567,-34.382976,107041144,Balgownie - Fairy Meadow,New South Wales,203,100
107041144_3,150.871304,-34.384104,107041144,Balgownie - Fairy Meadow,New South Wales,203,100
107041145_1,150.900683,-34.373301,107041145,Corrimal - Tarrawanna - Bellambi,New South Wales,72,100
107041146_1,150.844538,-34.417692,107041146,Figtree - Keiraville,New South Wales,248,100
107041146_2,150.84935,-34.404775,107041146,Figtree - Keiraville,New South Wales,248,100
107041146_3,150.866223,-34.399867,107041146,Figtree - Keiraville,New South Wales,248,100
107041147_1,150.90088,-34.213843,107041147,Helensburgh,New South Wales,32,100
107041148_1,150.926231,-34.315296,107041148,Thirroul - Austinmer - Coalcliff,New South Wales,80,100
107041150_1,150.893991,-34.355305,107041150,Woonona - Bulli - Russell Vale,New South Wales,81,100
107041548_1,150.889614,-34.423782,107041548,Wollongong - East,New South Wales,415,100
107041548_2,150.896377,-34.422715,107041548,Wollongong - East,New South Wales,415,100
107041548_3,150.892399,-34.412585,107041548,Wollongong - East,New South Wales,415,100
107041548_4,150.898179,-34.410363,107041548,Wollongong - East,New South Wales,415,100
107041548_5,150.900988,-34.424174,107041548,Wollongong - East,New South Wales,415,100
107041549_1,150.869504,-34.439205,107041549,Wollongong - West,New South Wales,303,100
107041549_2,150.879452,-34.44013,107041549,Wollongong - West,New South Wales,303,100
107041549_3,150.872266,-34.435108,107041549,Wollongong - West,New South Wales,303,100
107041549_4,150.880078,-34.436764,107041549,Wollongong - West,New South Wales,303,100
108011151_1,152.167566,-32.477284,108011151,Bulahdelah - Stroud,New South Wales,10,100
108011152_1,152.518628,-32.205816,108011152,Forster,New South Wales,35,100
108011153_1,152.473149,-32.324888,108011153,Forster-Tuncurry Surrounds,New South Wales,12,100
108011154_1,152.478737,-32.169561,108011154,Tuncurry,New South Wales,15,100
108021155_1,152.775422,-31.039046,108021155,Kempsey,New South Wales,41,100
108021156_1,152.919227,-30.916626,108021156,Kempsey Surrounds,New South Wales,21,100
108021157_1,153.00911,-30.656327,108021157,Macksville - Scotts Head,New South Wales,8,100
108021158_1,153.002656,-30.619226,108021158,Nambucca Heads,New South Wales,12,100
108021159_1,152.603295,-30.598327,108021159,Nambucca Heads Surrounds,New South Wales,13,100
108021160_1,153.056338,-30.929887,108021160,South West Rocks,New South Wales,18,100
108041162_1,152.793815,-31.720139,108041162,Laurieton - Bonny Hills,New South Wales,44,100
108041164_1,152.829515,-31.46733,108041164,Port Macquarie - West,New South Wales,62,100
108041165_1,152.731256,-31.233524,108041165,Port Macquarie Surrounds,New South Wales,6,100
108041166_1,152.847401,-31.495764,108041166,Wauchope,New South Wales,22,100
108041619_1,152.92968,-31.46873,108041619,Port Macquarie - East,New South Wales,61,100
108041620_1,152.880573,-31.467539,108041620,Port Macquarie - South,New South Wales,62,100
108051167_1,151.601199,-31.810596,108051167,Gloucester,New South Wales,11,100
108051168_1,152.522436,-32.011795,108051168,Old Bar - Manning Point - Red Head,New South Wales,19,100
108051169_1,152.49229,-31.953656,108051169,Taree,New South Wales,48,100
108051170_1,152.4159,-31.846462,108051170,Taree Surrounds,New South Wales,16,100
108051171_1,152.332514,-31.868532,108051171,Wingham,New South Wales,4,100
109011172_1,147.086967,-36.029638,109011172,Albury - East,New South Wales,72,100
109011173_1,146.893138,-36.017125,109011173,Albury - North,New South Wales,33,100
109011174_1,146.918787,-36.102935,109011174,Albury - South,New South Wales,62,100
109011175_1,146.784299,-35.628243,109011175,Albury Surrounds,New South Wales,22,100
109011176_1,146.948584,-36.016565,109011176,Lavington,New South Wales,64,100
109021177_1,144.385015,-34.566022,109021177,Hay,New South Wales,12,100
109021178_1,142.134667,-34.155891,109021178,Wentworth - Buronga,New South Wales,18,100
109021179_1,142.394334,-34.264438,109021179,Wentworth-Balranald Region,New South Wales,15,100
109031180_1,146.325023,-35.998266,109031180,Corowa,New South Wales,12,100
109031181_1,146.374114,-35.289312,109031181,Corowa Surrounds,New South Wales,12,100
109031182_1,144.952649,-35.484963,109031182,Deniliquin,New South Wales,28,100
109031183_1,145.443045,-35.460898,109031183,Deniliquin Surrounds,New South Wales,16,100
109031184_1,144.715584,-36.036642,109031184,Moama,New South Wales,19,100
109031185_1,145.800934,-35.754363,109031185,Tocumwal - Finley - Jerilderie,New South Wales,34,100
110011186_1,151.732495,-30.548271,110011186,Armidale,New South Wales,228,100
110011186_2,151.765325,-30.460035,110011186,Armidale,New South Wales,228,100
110011186_3,151.621216,-30.560603,110011186,Armidale,New South Wales,228,100
110011187_1,152.180487,-30.2164,110011187,Armidale Surrounds - North,New South Wales,20,100
110011188_1,151.267356,-30.582886,110011188,Armidale Surrounds - South,New South Wales,13,100
110011189_1,152.072939,-31.346546,110011189,Walcha,New South Wales,4,100
110021190_1,151.805045,-29.612626,110021190,Glen Innes,New South Wales,12,100
110021191_1,151.121488,-29.708885,110021191,Inverell,New South Wales,44,100
110021192_1,151.445989,-29.482975,110021192,Inverell Surrounds - East,New South Wales,19,100
110021193_1,150.474404,-29.665168,110021193,Inverell Surrounds - West,New South Wales,4,100
110021194_1,151.492296,-29.160263,110021194,Tenterfield,New South Wales,13,100
110031195_1,149.840397,-29.483448,110031195,Moree,New South Wales,17,100
110031196_1,149.350741,-29.767502,110031196,Moree Surrounds,New South Wales,4,100
110031197_1,149.864447,-30.36062,110031197,Narrabri,New South Wales,14,100
110031198_1,149.269452,-30.199336,110031198,Narrabri Surrounds,New South Wales,6,100
110041199_1,150.226575,-31.002926,110041199,Gunnedah,New South Wales,29,100
110041200_1,150.104666,-31.042232,110041200,Gunnedah Surrounds,New South Wales,4,100
110041201_1,150.621794,-31.22307,110041201,Quirindi,New South Wales,8,100
110041202_1,150.954446,-31.147783,110041202,Tamworth - East,New South Wales,125,100
110041202_2,150.95244,-31.154658,110041202,Tamworth - East,New South Wales,125,100
110041203_1,150.869727,-31.051388,110041203,Tamworth - North,New South Wales,97,100
110041204_1,150.858193,-31.058239,110041204,Tamworth - West,New South Wales,34,100
110041205_1,150.661335,-30.876476,110041205,Tamworth Surrounds,New South Wales,30,100
111011206_1,151.690913,-33.027631,111011206,Belmont - Bennetts Green,New South Wales,36,100
111011207_1,151.659326,-33.058761,111011207,Belmont South - Blacksmiths,New South Wales,15,100
111011208_1,151.719067,-32.991803,111011208,Charlestown - Dudley,New South Wales,105,100
111011208_2,151.685238,-32.966456,111011208,Charlestown - Dudley,New South Wales,105,100
111011209_1,151.659012,-32.932252,111011209,Glendale - Cardiff - Hillsborough,New South Wales,67,100
111011210_1,151.680774,-32.985541,111011210,Mount Hutton - Windale,New South Wales,19,100
111011211_1,151.710729,-32.994031,111011211,Redhead,New South Wales,13,100
111011212_1,151.631534,-33.138401,111011212,Swansea - Caves Beach,New South Wales,46,100
111011213_1,151.643581,-32.984899,111011213,Valentine - Eleebana,New South Wales,42,100
111011214_1,151.651272,-32.963186,111011214,Warners Bay - Boolaroo,New South Wales,41,100
111021215_1,151.613112,-32.937086,111021215,Bolton Point - Teralba,New South Wales,22,100
111021216_1,151.530236,-33.111172,111021216,Bonnells Bay - Silverwater,New South Wales,32,100
111021217_1,151.62948,-32.92426,111021217,Edgeworth - Cameron Park,New South Wales,40,100
111021218_1,151.505917,-33.086302,111021218,Morisset - Cooranbong,New South Wales,51,100
111021219_1,151.571636,-33.024038,111021219,Toronto - Awaba,New South Wales,38,100
111021220_1,151.59479,-33.056625,111021220,Wangi Wangi - Rathmines,New South Wales,26,100
111021221_1,151.56983,-32.930022,111021221,West Wallsend - Barnsley - Killingworth,New South Wales,10,100
111031222_1,151.706861,-32.939377,111031222,Adamstown - Kotara,New South Wales,75,100
111031223_1,151.678422,-32.847244,111031223,Beresfield - Hexham,New South Wales,35,100
111031224_1,151.750948,-32.92684,111031224,Hamilton - Broadmeadow,New South Wales,96,100
111031225_1,151.717291,-32.912022,111031225,Lambton - New Lambton,New South Wales,95,100
111031226_1,151.663377,-32.888596,111031226,Maryland - Fletcher - Minmi,New South Wales,69,100
111031227_1,151.719651,-32.893524,111031227,Mayfield - Warabrook,New South Wales,99,100
111031228_1,151.74197,-32.939392,111031228,Merewether - The Junction,New South Wales,112,100
111031228_2,151.730238,-32.949681,111031228,Merewether - The Junction,New South Wales,112,100
111031229_1,151.769711,-32.925225,111031229,Newcastle - Cooks Hill,New South Wales,183,100
111031229_2,151.768778,-32.9364,111031229,Newcastle - Cooks Hill,New South Wales,183,100
111031231_1,151.690955,-32.895379,111031231,Shortland - Jesmond,New South Wales,527,100
111031231_2,151.69094,-32.904349,111031231,Shortland - Jesmond,New South Wales,527,100
111031231_3,151.698453,-32.875673,111031231,Shortland - Jesmond,New South Wales,527,100
111031231_4,151.702107,-32.888078,111031231,Shortland - Jesmond,New South Wales,527,100
111031231_5,151.693808,-32.905508,111031231,Shortland - Jesmond,New South Wales,527,100
111031231_6,151.680282,-32.878397,111031231,Shortland - Jesmond,New South Wales,527,100
111031232_1,151.814294,-32.851423,111031232,Stockton - Fullerton Cove,New South Wales,37,100
111031233_1,151.67953,-32.893281,111031233,Wallsend - Elermore Vale,New South Wales,156,100
111031233_2,151.67416,-32.9216,111031233,Wallsend - Elermore Vale,New South Wales,156,100
111031234_1,151.727607,-32.911973,111031234,Waratah - North Lambton,New South Wales,145,100
111031234_2,151.719016,-32.903829,111031234,Waratah - North Lambton,New South Wales,145,100
111031235_1,151.744512,-32.911474,111031235,Wickham - Carrington - Tighes Hill,New South Wales,112,100
111031235_2,151.76733,-32.909904,111031235,Wickham - Carrington - Tighes Hill,New South Wales,112,100
112011236_1,153.560486,-28.859336,112011236,Ballina,New South Wales,79,100
112011237_1,153.439141,-28.782334,112011237,Ballina Surrounds,New South Wales,60,100
112011238_1,153.557499,-28.64659,112011238,Bangalow,New South Wales,42,100
112011239_1,153.532935,-28.545022,112011239,Brunswick Heads - Ocean Shores,New South Wales,58,100
112011240_1,153.591319,-28.712759,112011240,Byron Bay,New South Wales,184,100
112011240_2,153.608911,-28.675622,112011240,Byron Bay,New South Wales,184,100
112011241_1,153.391826,-29.083629,112011241,Evans Head,New South Wales,15,100
112011242_1,153.576618,-28.752855,112011242,Lennox Head - Skennars Head,New South Wales,62,100
112011243_1,153.339874,-28.534953,112011243,Mullumbimby,New South Wales,55,100
112021244_1,153.003501,-28.877691,112021244,Casino,New South Wales,24,100
112021245_1,153.000731,-29.104016,112021245,Casino Surrounds,New South Wales,18,100
112021246_1,153.317607,-28.83386,112021246,Goonellabah,New South Wales,41,100
112021247_1,152.885117,-28.637745,112021247,Kyogle,New South Wales,14,100
112021248_1,153.270513,-28.785018,112021248,Lismore,New South Wales,62,100
112021249_1,153.103072,-28.701504,112021249,Lismore Surrounds,New South Wales,47,100
112031250_1,153.548402,-28.251479,112031250,Kingscliff - Fingal Head,New South Wales,91,100
112031251_1,153.417572,-28.328566,112031251,Murwillumbah,New South Wales,29,100
112031252_1,153.147818,-28.351168,112031252,Murwillumbah Surrounds,New South Wales,34,100
112031253_1,153.421487,-28.443149,112031253,Pottsville,New South Wales,58,100
112031254_1,153.474228,-28.190426,112031254,Tweed Heads,New South Wales,108,100
112031254_2,153.418161,-28.207,112031254,Tweed Heads,New South Wales,108,100
112031550_1,153.542522,-28.232455,112031550,Banora Point,New South Wales,48,100
112031551_1,153.450715,-28.264859,112031551,Terranora - North Tumbulgum,New South Wales,12,100
112031552_1,153.537279,-28.19228,112031552,Tweed Heads South,New South Wales,40,100
113011256_1,146.004481,-34.301631,113011256,Griffith (NSW),New South Wales,197,100
113011256_2,146.082705,-34.266702,113011256,Griffith (NSW),New South Wales,197,100
113011257_1,146.040266,-33.944096,113011257,Griffith Surrounds,New South Wales,55,100
113011258_1,146.379365,-34.639794,113011258,Leeton,New South Wales,29,100
113011259_1,146.478698,-34.409583,113011259,Narrandera,New South Wales,18,100
113021260_1,148.237989,-36.377512,113021260,Tumbarumba,New South Wales,5,100
113021261_1,148.180401,-35.296613,113021261,Tumut,New South Wales,23,100
113021262_1,148.478384,-35.094853,113021262,Tumut Surrounds,New South Wales,18,100
113031263_1,147.913351,-34.499842,113031263,Cootamundra,New South Wales,27,100
113031264_1,148.384421,-34.932245,113031264,Gundagai,New South Wales,10,100
113031265_1,147.770386,-34.778894,113031265,Junee,New South Wales,42,100
113031266_1,147.347282,-34.235099,113031266,Temora,New South Wales,11,100
113031267_1,147.372062,-35.181259,113031267,Wagga Wagga - East,New South Wales,67,100
113031268_1,147.463099,-35.047018,113031268,Wagga Wagga - North,New South Wales,39,100
113031269_1,147.348337,-35.125596,113031269,Wagga Wagga - South,New South Wales,97,100
113031270_1,147.295981,-35.141161,113031270,Wagga Wagga - West,New South Wales,91,100
113031271_1,147.174505,-35.377116,113031271,Wagga Wagga Surrounds,New South Wales,25,100
114011272_1,150.450738,-34.847093,114011272,Berry - Kangaroo Valley,New South Wales,32,100
114011273_1,150.655701,-34.97408,114011273,Callala Bay - Currarong,New South Wales,9,100
114011274_1,150.697665,-34.911023,114011274,Culburra Beach,New South Wales,15,100
114011276_1,150.648522,-35.04267,114011276,Huskisson - Vincentia,New South Wales,26,100
114011277_1,150.649063,-34.851435,114011277,North Nowra - Bomaderry,New South Wales,59,100
114011278_1,150.526257,-34.924008,114011278,Nowra,New South Wales,60,100
114011279_1,150.571266,-35.11701,114011279,St Georges Basin - Erowal Bay,New South Wales,36,100
114011280_1,150.562315,-35.129773,114011280,Sussex Inlet - Berrara,New South Wales,6,100
114011281_1,150.559666,-34.981941,114011281,Tomerong - Wandandian - Woollamia,New South Wales,7,100
114011282_1,150.442538,-35.332413,114011282,Ulladulla,New South Wales,55,100
114011283_1,150.365001,-35.539684,114011283,Ulladulla Surrounds,New South Wales,13,100
114021284_1,150.403433,-34.44927,114021284,Bowral,New South Wales,66,100
114021285_1,150.515218,-34.295272,114021285,Hill Top - Colo Vale,New South Wales,10,100
114021286_1,150.516429,-34.472994,114021286,Mittagong,New South Wales,41,100
114021287_1,150.379511,-34.508353,114021287,Moss Vale - Berrima,New South Wales,90,100
114021288_1,150.57031,-34.610344,114021288,Robertson - Fitzroy Falls,New South Wales,11,100
114021289_1,150.274391,-34.541599,114021289,Southern Highlands,New South Wales,24,100
115011290_1,150.987217,-33.757807,115011290,Baulkham Hills - East,New South Wales,366,100
115011290_2,150.984592,-33.744074,115011290,Baulkham Hills - East,New South Wales,366,100
115011290_3,150.993469,-33.751165,115011290,Baulkham Hills - East,New South Wales,366,100
115011290_4,150.970678,-33.760032,115011290,Baulkham Hills - East,New South Wales,366,100
115011291_1,150.96447,-33.728613,115011291,Baulkham Hills (West) - Bella Vista,New South Wales,316,100
115011291_2,150.976651,-33.737971,115011291,Baulkham Hills (West) - Bella Vista,New South Wales,316,100
115011291_3,150.970664,-33.740259,115011291,Baulkham Hills (West) - Bella Vista,New South Wales,316,100
115011291_4,150.963832,-33.730763,115011291,Baulkham Hills (West) - Bella Vista,New South Wales,316,100
115011294_1,151.011313,-33.703957,115011294,Glenhaven,New South Wales,29,100
115011296_1,151.034797,-33.739938,115011296,West Pennant Hills,New South Wales,101,100
115011296_2,151.026577,-33.760779,115011296,West Pennant Hills,New South Wales,101,100
115011553_1,150.986413,-33.737125,115011553,Castle Hill - Central,New South Wales,127,100
115011553_2,150.987487,-33.736391,115011553,Castle Hill - Central,New South Wales,127,100
115011554_1,151.02999,-33.721342,115011554,Castle Hill - East,New South Wales,65,100
115011555_1,151.007047,-33.722461,115011555,Castle Hill - North,New South Wales,169,100
115011555_2,151.012557,-33.717269,115011555,Castle Hill - North,New South Wales,169,100
115011556_1,151.013115,-33.735411,115011556,Castle Hill - South,New South Wales,164,100
115011556_2,151.000897,-33.739932,115011556,Castle Hill - South,New South Wales,164,100
115011557_1,150.97678,-33.720624,115011557,Castle Hill - West,New South Wales,49,100
115011558_1,151.032703,-33.728039,115011558,Cherrybrook,New South Wales,229,100
115011558_2,151.046635,-33.7278,115011558,Cherrybrook,New South Wales,229,100
115011558_3,151.036607,-33.719561,115011558,Cherrybrook,New South Wales,229,100
115011621_1,150.966597,-33.713753,115011621,Kellyville - East,New South Wales,147,100
115011621_2,150.953404,-33.707516,115011621,Kellyville - East,New South Wales,147,100
115011622_1,150.95776,-33.720111,115011622,Kellyville - West,New South Wales,114,100
115011622_2,150.958527,-33.729248,115011622,Kellyville - West,New South Wales,114,100
115021297_1,150.951679,-33.613273,115021297,Dural - Kenthurst - Wisemans Ferry,New South Wales,149,100
115021297_2,150.947841,-33.462302,115021297,Dural - Kenthurst - Wisemans Ferry,New South Wales,149,100
115021298_1,151.129383,-33.533164,115021298,Galston - Laughtondale,New South Wales,31,100
115031299_1,150.670516,-33.179665,115031299,Bilpin - Colo - St Albans,New South Wales,10,100
115031300_1,150.842138,-33.523992,115031300,Kurrajong Heights - Ebenezer,New South Wales,59,100
115041301_1,150.923185,-33.585549,115041301,Pitt Town - McGraths Hill,New South Wales,37,100
115041623_1,150.912795,-33.628672,115041623,Box Hill - Nelson,New South Wales,27,100
115041624_1,150.936322,-33.670537,115041624,North Kellyville,New South Wales,149,100
115041624_2,150.952513,-33.689828,115041624,North Kellyville,New South Wales,149,100
115041625_1,150.930109,-33.696435,115041625,Rouse Hill - Beaumont Hills,New South Wales,167,100
115041625_2,150.923,-33.663236,115041625,Rouse Hill - Beaumont Hills,New South Wales,167,100
116011303_1,150.899616,-33.737215,116011303,Blacktown (East) - Kings Park,New South Wales,527,100
116011303_2,150.919816,-33.780215,116011303,Blacktown (East) - Kings Park,New South Wales,527,100
116011303_3,150.916842,-33.757286,116011303,Blacktown (East) - Kings Park,New South Wales,527,100
116011303_4,150.910241,-33.761544,116011303,Blacktown (East) - Kings Park,New South Wales,527,100
116011303_5,150.909923,-33.744463,116011303,Blacktown (East) - Kings Park,New South Wales,527,100
116011303_6,150.91821,-33.771751,116011303,Blacktown (East) - Kings Park,New South Wales,527,100
116011304_1,150.888464,-33.74907,116011304,Blacktown (North) - Marayong,New South Wales,276,100
116011304_2,150.879195,-33.740001,116011304,Blacktown (North) - Marayong,New South Wales,276,100
116011304_3,150.898846,-33.745898,116011304,Blacktown (North) - Marayong,New South Wales,276,100
116011306_1,150.885109,-33.750809,116011306,Doonside - Woodcroft,New South Wales,292,100
116011306_2,150.867685,-33.750591,116011306,Doonside - Woodcroft,New South Wales,292,100
116011306_3,150.866113,-33.741761,116011306,Doonside - Woodcroft,New South Wales,292,100
116011307_1,150.94771,-33.771883,116011307,Lalor Park - Kings Langley,New South Wales,232,100
116011307_2,150.933918,-33.756553,116011307,Lalor Park - Kings Langley,New South Wales,232,100
116011307_3,150.946183,-33.75891,116011307,Lalor Park - Kings Langley,New South Wales,232,100
116011560_1,150.914161,-33.781742,116011560,Blacktown - South,New South Wales,195,100
116011560_2,150.916066,-33.782886,116011560,Blacktown - South,New South Wales,195,100
116011561_1,150.900981,-33.768367,116011561,Blacktown - West,New South Wales,297,100
116011561_2,150.890012,-33.766623,116011561,Blacktown - West,New South Wales,297,100
116011561_3,150.88485,-33.771276,116011561,Blacktown - West,New South Wales,297,100
116011626_1,150.935389,-33.785756,116011626,Seven Hills - Prospect,New South Wales,183,100
116011626_2,150.913234,-33.801125,116011626,Seven Hills - Prospect,New South Wales,183,100
116011627_1,150.944633,-33.790917,116011627,Toongabbie - West,New South Wales,213,100
116011627_2,150.92848,-33.797628,116011627,Toongabbie - West,New South Wales,213,100
116011627_3,150.943492,-33.783544,116011627,Toongabbie - West,New South Wales,213,100
116021309_1,150.948863,-33.749521,116021309,Glenwood,New South Wales,211,100
116021309_2,150.929471,-33.736916,116021309,Glenwood,New South Wales,211,100
116021309_3,150.944069,-33.743958,116021309,Glenwood,New South Wales,211,100
116021562_1,150.909805,-33.732629,116021562,Acacia Gardens,New South Wales,47,100
116021563_1,150.880397,-33.724951,116021563,Quakers Hill,New South Wales,353,100
116021563_2,150.871781,-33.724892,116021563,Quakers Hill,New South Wales,353,100
116021563_3,150.887173,-33.718946,116021563,Quakers Hill,New South Wales,353,100
116021563_4,150.892029,-33.718784,116021563,Quakers Hill,New South Wales,353,100
116021628_1,150.903644,-33.71478,116021628,Kellyville Ridge - The Ponds,New South Wales,243,100
116021628_2,150.902459,-33.708547,116021628,Kellyville Ridge - The Ponds,New South Wales,243,100
116021628_3,150.915042,-33.695275,116021628,Kellyville Ridge - The Ponds,New South Wales,243,100
116021629_1,150.812265,-33.711594,116021629,Marsden Park - Shanes Park,New South Wales,74,100
116021630_1,150.845708,-33.687119,116021630,Riverstone,New South Wales,88,100
116021631_1,150.868908,-33.720586,116021631,Schofields (West) - Colebee,New South Wales,67,100
116021632_1,150.918024,-33.688403,116021632,Schofields - East,New South Wales,408,100
116021632_2,150.896116,-33.684878,116021632,Schofields - East,New South Wales,408,100
116021632_3,150.902777,-33.680353,116021632,Schofields - East,New South Wales,408,100
116021632_4,150.886761,-33.690194,116021632,Schofields - East,New South Wales,408,100
116021632_5,150.885762,-33.702554,116021632,Schofields - East,New South Wales,408,100
116021633_1,150.920802,-33.721758,116021633,Stanhope Gardens - Parklea,New South Wales,130,100
116021633_2,150.911891,-33.724457,116021633,Stanhope Gardens - Parklea,New South Wales,130,100
116031313_1,150.81935,-33.754323,116031313,Bidwill - Hebersham - Emerton,New South Wales,148,100
116031313_2,150.825391,-33.750053,116031313,Bidwill - Hebersham - Emerton,New South Wales,148,100
116031314_1,150.857291,-33.7473,116031314,Glendenning - Dean Park,New South Wales,82,100
116031315_1,150.835815,-33.735941,116031315,Hassall Grove - Plumpton,New South Wales,162,100
116031315_2,150.836997,-33.755837,116031315,Hassall Grove - Plumpton,New South Wales,162,100
116031316_1,150.779794,-33.719837,116031316,Lethbridge Park - Tregear,New South Wales,156,100
116031316_2,150.791639,-33.72382,116031316,Lethbridge Park - Tregear,New South Wales,156,100
116031317_1,150.809553,-33.753174,116031317,Mount Druitt - Whalan,New South Wales,425,100
116031317_2,150.824385,-33.76932,116031317,Mount Druitt - Whalan,New South Wales,425,100
116031317_3,150.799734,-33.761171,116031317,Mount Druitt - Whalan,New South Wales,425,100
116031317_4,150.820518,-33.763827,116031317,Mount Druitt - Whalan,New South Wales,425,100
116031317_5,150.807266,-33.771728,116031317,Mount Druitt - Whalan,New South Wales,425,100
116031319_1,150.823874,-33.784252,116031319,Rooty Hill - Minchinbury,New South Wales,254,100
116031319_2,150.851186,-33.77691,116031319,Rooty Hill - Minchinbury,New South Wales,254,100
116031319_3,150.84414,-33.773486,116031319,Rooty Hill - Minchinbury,New South Wales,254,100
117011320_1,151.216953,-33.951943,117011320,Banksmeadow,New South Wales,3,100
117011321_1,151.199288,-33.950903,117011321,Botany,New South Wales,124,100
117011321_2,151.192652,-33.943445,117011321,Botany,New South Wales,124,100
117011323_1,151.224143,-33.941872,117011323,Pagewood - Hillsdale - Daceyville,New South Wales,258,100
117011323_2,151.227503,-33.929932,117011323,Pagewood - Hillsdale - Daceyville,New South Wales,258,100
117011323_3,151.223843,-33.939628,117011323,Pagewood - Hillsdale - Daceyville,New South Wales,258,100
117011634_1,151.220232,-33.932666,117011634,Eastlakes,New South Wales,244,100
117011634_2,151.217444,-33.934666,117011634,Eastlakes,New South Wales,244,100
117011634_3,151.219525,-33.935194,117011634,Eastlakes,New South Wales,244,100
117011635_1,151.18404,-33.926467,117011635,Mascot,New South Wales,454,100
117011635_2,151.194204,-33.937187,117011635,Mascot,New South Wales,454,100
117011635_3,151.187569,-33.920457,117011635,Mascot,New South Wales,454,100
117011635_4,151.19674,-33.934488,117011635,Mascot,New South Wales,454,100
117011635_5,151.200448,-33.935138,117011635,Mascot,New South Wales,454,100
117021327_1,151.166149,-33.891236,117021327,Petersham - Stanmore,New South Wales,285,100
117021327_2,151.152176,-33.891804,117021327,Petersham - Stanmore,New South Wales,285,100
117021327_3,151.172727,-33.898622,117021327,Petersham - Stanmore,New South Wales,285,100
117021328_1,151.179838,-33.908203,117021328,Sydenham - Tempe - St Peters,New South Wales,135,100
117021328_2,151.163134,-33.918357,117021328,Sydenham - Tempe - St Peters,New South Wales,135,100
117021636_1,151.167961,-33.909956,117021636,Marrickville - North,New South Wales,173,100
117021636_2,151.172393,-33.905813,117021636,Marrickville - North,New South Wales,173,100
117021637_1,151.151911,-33.914255,117021637,Marrickville - South,New South Wales,260,100
117021637_2,151.143911,-33.920228,117021637,Marrickville - South,New South Wales,260,100
117021637_3,151.151269,-33.908746,117021637,Marrickville - South,New South Wales,260,100
117031329_1,151.216952,-33.878581,117031329,Darlinghurst,New South Wales,292,100
117031329_2,151.219573,-33.876392,117031329,Darlinghurst,New South Wales,292,100
117031329_3,151.217944,-33.881095,117031329,Darlinghurst,New South Wales,292,100
117031330_1,151.193503,-33.901113,117031330,Erskineville - Alexandria,New South Wales,288,100
117031330_2,151.182315,-33.906952,117031330,Erskineville - Alexandria,New South Wales,288,100
117031330_3,151.183093,-33.902461,117031330,Erskineville - Alexandria,New South Wales,288,100
117031331_1,151.185243,-33.87574,117031331,Glebe - Forest Lodge,New South Wales,485,100
117031331_2,151.178019,-33.874197,117031331,Glebe - Forest Lodge,New South Wales,485,100
117031331_3,151.176118,-33.881001,117031331,Glebe - Forest Lodge,New South Wales,485,100
117031331_4,151.180242,-33.87961,117031331,Glebe - Forest Lodge,New South Wales,485,100
117031331_5,151.191576,-33.878496,117031331,Glebe - Forest Lodge,New South Wales,485,100
117031333_1,151.226375,-33.8654,117031333,Potts Point - Woolloomooloo,New South Wales,463,100
117031333_2,151.224793,-33.871574,117031333,Potts Point - Woolloomooloo,New South Wales,463,100
117031333_3,151.227117,-33.870876,117031333,Potts Point - Woolloomooloo,New South Wales,463,100
117031333_4,151.225252,-33.864865,117031333,Potts Point - Woolloomooloo,New South Wales,463,100
117031333_5,151.21932,-33.867491,117031333,Potts Point - Woolloomooloo,New South Wales,463,100
117031336_1,151.214774,-33.881231,117031336,Surry Hills,New South Wales,480,100
117031336_2,151.208797,-33.886397,117031336,Surry Hills,New South Wales,480,100
117031336_3,151.212298,-33.883141,117031336,Surry Hills,New South Wales,480,100
117031336_4,151.210863,-33.883962,117031336,Surry Hills,New South Wales,480,100
117031336_5,151.215937,-33.885941,117031336,Surry Hills,New South Wales,480,100
117031638_1,151.183886,-33.891292,117031638,Camperdown - Darlington,New South Wales,359,100
117031638_2,151.177531,-33.888265,117031638,Camperdown - Darlington,New South Wales,359,100
117031638_3,151.179837,-33.892778,117031638,Camperdown - Darlington,New South Wales,359,100
117031638_4,151.179192,-33.889642,117031638,Camperdown - Darlington,New South Wales,359,100
117031639_1,151.194527,-33.887533,117031639,Chippendale,New South Wales,432,100
117031639_2,151.198804,-33.885793,117031639,Chippendale,New South Wales,432,100
117031639_3,151.204075,-33.88676,117031639,Chippendale,New South Wales,432,100
117031639_4,151.197937,-33.885431,117031639,Chippendale,New South Wales,432,100
117031639_5,151.200393,-33.888554,117031639,Chippendale,New South Wales,432,100
117031640_1,151.17923,-33.897951,117031640,Newtown (NSW),New South Wales,134,100
117031640_2,151.187383,-33.895614,117031640,Newtown (NSW),New South Wales,134,100
117031641_1,151.194801,-33.866735,117031641,Pyrmont,New South Wales,474,100
117031641_2,151.196897,-33.864231,117031641,Pyrmont,New South Wales,474,100
117031641_3,151.189496,-33.86712,117031641,Pyrmont,New South Wales,474,100
117031641_4,151.196436,-33.864836,117031641,Pyrmont,New South Wales,474,100
117031641_5,151.191616,-33.869111,117031641,Pyrmont,New South Wales,474,100
117031642_1,151.204845,-33.889529,117031642,Redfern,New South Wales,488,100
117031642_2,151.21088,-33.894639,117031642,Redfern,New South Wales,488,100
117031642_3,151.206696,-33.890303,117031642,Redfern,New South Wales,488,100
117031642_4,151.202999,-33.895575,117031642,Redfern,New South Wales,488,100
117031642_5,151.191377,-33.894371,117031642,Redfern,New South Wales,488,100
117031643_1,151.202508,-33.921296,117031643,Rosebery - Beaconsfield,New South Wales,250,100
117031643_2,151.208593,-33.921403,117031643,Rosebery - Beaconsfield,New South Wales,250,100
117031643_3,151.209013,-33.911863,117031643,Rosebery - Beaconsfield,New South Wales,250,100
117031644_1,151.206337,-33.855963,117031644,Sydney (North) - Millers Point,New South Wales,428,100
117031644_2,151.206639,-33.86052,117031644,Sydney (North) - Millers Point,New South Wales,428,100
117031644_3,151.208935,-33.85581,117031644,Sydney (North) - Millers Point,New South Wales,428,100
117031644_4,151.203904,-33.868222,117031644,Sydney (North) - Millers Point,New South Wales,428,100
117031644_5,151.206072,-33.871922,117031644,Sydney (North) - Millers Point,New South Wales,428,100
117031645_1,151.206104,-33.876544,117031645,Sydney (South) - Haymarket,New South Wales,1258,100
117031645_2,151.206383,-33.878109,117031645,Sydney (South) - Haymarket,New South Wales,1258,100
117031645_3,151.206839,-33.881043,117031645,Sydney (South) - Haymarket,New South Wales,1258,100
117031645_4,151.206429,-33.875435,117031645,Sydney (South) - Haymarket,New South Wales,1258,100
117031645_5,151.20496,-33.881536,117031645,Sydney (South) - Haymarket,New South Wales,1258,100
117031645_6,151.203379,-33.879283,117031645,Sydney (South) - Haymarket,New South Wales,1258,100
117031645_7,151.198004,-33.870406,117031645,Sydney (South) - Haymarket,New South Wales,1258,100
117031645_8,151.204566,-33.882524,117031645,Sydney (South) - Haymarket,New South Wales,1258,100
117031645_9,151.209158,-33.875589,117031645,Sydney (South) - Haymarket,New South Wales,1258,100
117031645_10,151.205448,-33.878094,117031645,Sydney (South) - Haymarket,New South Wales,1258,100
117031645_11,151.202156,-33.874415,117031645,Sydney (South) - Haymarket,New South Wales,1258,100
117031645_12,151.208812,-33.877529,117031645,Sydney (South) - Haymarket,New South Wales,1258,100
117031645_13,151.203897,-33.880902,117031645,Sydney (South) - Haymarket,New South Wales,1258,100
117031646_1,151.197584,-33.88003,117031646,Ultimo,New South Wales,642,100
117031646_2,151.198713,-33.881962,117031646,Ultimo,New South Wales,642,100
117031646_3,151.195675,-33.878076,117031646,Ultimo,New South Wales,642,100
117031646_4,151.19502,-33.879629,117031646,Ultimo,New South Wales,642,100
117031646_5,151.196558,-33.883264,117031646,Ultimo,New South Wales,642,100
117031646_6,151.200052,-33.878315,117031646,Ultimo,New South Wales,642,100
117031646_7,151.196631,-33.876818,117031646,Ultimo,New South Wales,642,100
117031647_1,151.204338,-33.902892,117031647,Waterloo,New South Wales,637,100
117031647_2,151.206946,-33.902293,117031647,Waterloo,New South Wales,637,100
117031647_3,151.210042,-33.902468,117031647,Waterloo,New South Wales,637,100
117031647_4,151.213437,-33.898472,117031647,Waterloo,New South Wales,637,100
117031647_5,151.214241,-33.900667,117031647,Waterloo,New South Wales,637,100
117031647_6,151.203301,-33.896951,117031647,Waterloo,New South Wales,637,100
117031647_7,151.201061,-33.895997,117031647,Waterloo,New South Wales,637,100
117031648_1,151.209853,-33.910145,117031648,Zetland,New South Wales,320,100
117031648_2,151.209881,-33.904194,117031648,Zetland,New South Wales,320,100
117031648_3,151.212333,-33.908225,117031648,Zetland,New South Wales,320,100
117031648_4,151.208219,-33.909421,117031648,Zetland,New South Wales,320,100
118011339_1,151.265418,-33.891008,118011339,Bondi - Tamarama - Bronte,New South Wales,405,100
118011339_2,151.259871,-33.906883,118011339,Bondi - Tamarama - Bronte,New South Wales,405,100
118011339_3,151.267548,-33.909142,118011339,Bondi - Tamarama - Bronte,New South Wales,405,100
118011339_4,151.265394,-33.905156,118011339,Bondi - Tamarama - Bronte,New South Wales,405,100
118011339_5,151.260934,-33.908323,118011339,Bondi - Tamarama - Bronte,New South Wales,405,100
118011340_1,151.272612,-33.893997,118011340,Bondi Beach - North Bondi,New South Wales,520,100
118011340_2,151.269104,-33.883919,118011340,Bondi Beach - North Bondi,New South Wales,520,100
118011340_3,151.273428,-33.894813,118011340,Bondi Beach - North Bondi,New South Wales,520,100
118011340_4,151.277069,-33.888285,118011340,Bondi Beach - North Bondi,New South Wales,520,100
118011340_5,151.27524,-33.891749,118011340,Bondi Beach - North Bondi,New South Wales,520,100
118011340_6,151.273377,-33.889474,118011340,Bondi Beach - North Bondi,New South Wales,520,100
118011341_1,151.257471,-33.900629,118011341,Bondi Junction - Waverly,New South Wales,343,100
118011341_2,151.250459,-33.90012,118011341,Bondi Junction - Waverly,New South Wales,343,100
118011341_3,151.246979,-33.898001,118011341,Bondi Junction - Waverly,New South Wales,343,100
118011341_4,151.25423,-33.902821,118011341,Bondi Junction - Waverly,New South Wales,343,100
118011344_1,151.279005,-33.867035,118011344,Dover Heights,New South Wales,110,100
118011344_2,151.277121,-33.875449,118011344,Dover Heights,New South Wales,110,100
118011345_1,151.221722,-33.899825,118011345,Paddington - Moore Park,New South Wales,280,100
118011345_2,151.233625,-33.885697,118011345,Paddington - Moore Park,New South Wales,280,100
118011345_3,151.228739,-33.88132,118011345,Paddington - Moore Park,New South Wales,280,100
118011346_1,151.273728,-33.865233,118011346,Rose Bay - Vaucluse - Watsons Bay,New South Wales,135,100
118011346_2,151.265459,-33.882985,118011346,Rose Bay - Vaucluse - Watsons Bay,New South Wales,135,100
118011347_1,151.248539,-33.888101,118011347,Woollahra,New South Wales,120,100
118011347_2,151.240941,-33.884072,118011347,Woollahra,New South Wales,120,100
118011649_1,151.258666,-33.887359,118011649,Bellevue Hill,New South Wales,231,100
118011649_2,151.252773,-33.883081,118011649,Bellevue Hill,New South Wales,231,100
118011649_3,151.251407,-33.880788,118011649,Bellevue Hill,New South Wales,231,100
118011650_1,151.244833,-33.878355,118011650,Double Bay - Darling Point,New South Wales,166,100
118011650_2,151.24375,-33.877203,118011650,Double Bay - Darling Point,New South Wales,166,100
118021564_1,151.217377,-33.914956,118021564,Kensington (NSW),New South Wales,734,100
118021564_2,151.220804,-33.910675,118021564,Kensington (NSW),New South Wales,734,100
118021564_3,151.227521,-33.919167,118021564,Kensington (NSW),New South Wales,734,100
118021564_4,151.219013,-33.90827,118021564,Kensington (NSW),New South Wales,734,100
118021564_5,151.215003,-33.916098,118021564,Kensington (NSW),New South Wales,734,100
118021564_6,151.219238,-33.916478,118021564,Kensington (NSW),New South Wales,734,100
118021564_7,151.230631,-33.916562,118021564,Kensington (NSW),New South Wales,734,100
118021564_8,151.221145,-33.914781,118021564,Kensington (NSW),New South Wales,734,100
118021565_1,151.226938,-33.921518,118021565,Kingsford,New South Wales,1120,100
118021565_2,151.235088,-33.927847,118021565,Kingsford,New South Wales,1120,100
118021565_3,151.234033,-33.922736,118021565,Kingsford,New South Wales,1120,100
118021565_4,151.233792,-33.928013,118021565,Kingsford,New South Wales,1120,100
118021565_5,151.234731,-33.926886,118021565,Kingsford,New South Wales,1120,100
118021565_6,151.232762,-33.923498,118021565,Kingsford,New South Wales,1120,100
118021565_7,151.235877,-33.929239,118021565,Kingsford,New South Wales,1120,100
118021565_8,151.233752,-33.923288,118021565,Kingsford,New South Wales,1120,100
118021565_9,151.231604,-33.921687,118021565,Kingsford,New South Wales,1120,100
118021565_10,151.232216,-33.9201,118021565,Kingsford,New South Wales,1120,100
118021565_11,151.230216,-33.922154,118021565,Kingsford,New South Wales,1120,100
118021565_12,151.226653,-33.919471,118021565,Kingsford,New South Wales,1120,100
118021566_1,151.241002,-33.935617,118021566,Maroubra - North,New South Wales,210,100
118021566_2,151.259369,-33.943642,118021566,Maroubra - North,New South Wales,210,100
118021566_3,151.252933,-33.93774,118021566,Maroubra - North,New South Wales,210,100
118021567_1,151.249209,-33.947109,118021567,Maroubra - South,New South Wales,217,100
118021567_2,151.250048,-33.95129,118021567,Maroubra - South,New South Wales,217,100
118021567_3,151.241923,-33.94235,118021567,Maroubra - South,New South Wales,217,100
118021568_1,151.234141,-33.949897,118021568,Maroubra - West,New South Wales,336,100
118021568_2,151.23402,-33.949823,118021568,Maroubra - West,New South Wales,336,100
118021568_3,151.236445,-33.943448,118021568,Maroubra - West,New South Wales,336,100
118021568_4,151.236799,-33.945987,118021568,Maroubra - West,New South Wales,336,100
118021569_1,151.248245,-33.911894,118021569,Randwick - North,New South Wales,275,100
118021569_2,151.249304,-33.906838,118021569,Randwick - North,New South Wales,275,100
118021569_3,151.252288,-33.905484,118021569,Randwick - North,New South Wales,275,100
118021570_1,151.232116,-33.913099,118021570,Randwick - South,New South Wales,325,100
118021570_2,151.242192,-33.921375,118021570,Randwick - South,New South Wales,325,100
118021570_3,151.229201,-33.905627,118021570,Randwick - South,New South Wales,325,100
118021570_4,151.233509,-33.912318,118021570,Randwick - South,New South Wales,325,100
118021651_1,151.258381,-33.918602,118021651,Coogee - Clovelly,New South Wales,353,100
118021651_2,151.257721,-33.90968,118021651,Coogee - Clovelly,New South Wales,353,100
118021651_3,151.257747,-33.910379,118021651,Coogee - Clovelly,New South Wales,353,100
118021651_4,151.255942,-33.911216,118021651,Coogee - Clovelly,New South Wales,353,100
118021652_1,151.24836,-33.995954,118021652,Malabar - La Perouse,New South Wales,143,100
118021652_2,151.246368,-33.969022,118021652,Malabar - La Perouse,New South Wales,143,100
118021653_1,151.24406,-33.97851,118021653,Matraville - Chifley,New South Wales,165,100
118021653_2,151.23661,-33.958951,118021653,Matraville - Chifley,New South Wales,165,100
118021654_1,151.261206,-33.93419,118021654,South Coogee,New South Wales,73,100
119011354_1,151.003342,-33.915778,119011354,Bass Hill - Georges Hall,New South Wales,175,100
119011354_2,150.97655,-33.896877,119011354,Bass Hill - Georges Hall,New South Wales,175,100
119011355_1,151.052184,-33.890465,119011355,Chullora,New South Wales,22,100
119011356_1,151.002932,-33.920739,119011356,Condell Park,New South Wales,129,100
119011356_2,150.986622,-33.929102,119011356,Condell Park,New South Wales,129,100
119011358_1,151.029107,-33.971012,119011358,Padstow,New South Wales,172,100
119011358_2,151.040166,-33.973314,119011358,Padstow,New South Wales,172,100
119011360_1,151.018303,-33.941812,119011360,Revesby,New South Wales,206,100
119011360_2,151.014728,-33.949811,119011360,Revesby,New South Wales,206,100
119011360_3,151.026749,-33.934606,119011360,Revesby,New South Wales,206,100
119011361_1,151.02654,-33.909575,119011361,Yagoona - Birrong,New South Wales,254,100
119011361_2,151.023625,-33.898365,119011361,Yagoona - Birrong,New South Wales,254,100
119011361_3,151.025052,-33.908592,119011361,Yagoona - Birrong,New South Wales,254,100
119011571_1,151.041813,-33.914641,119011571,Bankstown - North,New South Wales,443,100
119011571_2,151.029882,-33.913135,119011571,Bankstown - North,New South Wales,443,100
119011571_3,151.033495,-33.911989,119011571,Bankstown - North,New South Wales,443,100
119011571_4,151.031035,-33.909626,119011571,Bankstown - North,New South Wales,443,100
119011571_5,151.020543,-33.911644,119011571,Bankstown - North,New South Wales,443,100
119011572_1,151.036073,-33.924715,119011572,Bankstown - South,New South Wales,337,100
119011572_2,151.030905,-33.939545,119011572,Bankstown - South,New South Wales,337,100
119011572_3,151.030801,-33.91876,119011572,Bankstown - South,New South Wales,337,100
119011572_4,151.026212,-33.919276,119011572,Bankstown - South,New South Wales,337,100
119011655_1,151.069533,-33.905235,119011655,Greenacre - North,New South Wales,120,100
119011655_2,151.061412,-33.895944,119011655,Greenacre - North,New South Wales,120,100
119011656_1,151.067547,-33.912849,119011656,Greenacre - South,New South Wales,141,100
119011656_2,151.059462,-33.914421,119011656,Greenacre - South,New South Wales,141,100
119011657_1,150.971778,-33.943442,119011657,Panania (North) - Milperra,New South Wales,86,100
119011658_1,150.999366,-33.970508,119011658,Panania (South) - Picnic Point,New South Wales,104,100
119011658_2,151.013259,-33.968555,119011658,Panania (South) - Picnic Point,New South Wales,104,100
119021362_1,151.096974,-33.926138,119021362,Belmore - Belfield,New South Wales,269,100
119021362_2,151.096194,-33.922728,119021362,Belmore - Belfield,New South Wales,269,100
119021362_3,151.08895,-33.927539,119021362,Belmore - Belfield,New South Wales,269,100
119021366_1,151.045856,-33.938082,119021366,Punchbowl,New South Wales,338,100
119021366_2,151.044542,-33.929247,119021366,Punchbowl,New South Wales,338,100
119021366_3,151.053023,-33.936829,119021366,Punchbowl,New South Wales,338,100
119021366_4,151.059086,-33.928057,119021366,Punchbowl,New South Wales,338,100
119021367_1,151.06614,-33.93374,119021367,Roselands,New South Wales,167,100
119021367_2,151.066954,-33.936249,119021367,Roselands,New South Wales,167,100
119021573_1,151.07335,-33.920833,119021573,Lakemba,New South Wales,594,100
119021573_2,151.076466,-33.92579,119021573,Lakemba,New South Wales,594,100
119021573_3,151.079218,-33.923519,119021573,Lakemba,New South Wales,594,100
119021573_4,151.082697,-33.922093,119021573,Lakemba,New South Wales,594,100
119021573_5,151.084531,-33.92579,119021573,Lakemba,New South Wales,594,100
119021573_6,151.075598,-33.9096,119021573,Lakemba,New South Wales,594,100
119021574_1,151.064371,-33.921692,119021574,Wiley Park,New South Wales,351,100
119021574_2,151.072323,-33.926671,119021574,Wiley Park,New South Wales,351,100
119021574_3,151.062631,-33.922632,119021574,Wiley Park,New South Wales,351,100
119021574_4,151.06682,-33.92153,119021574,Wiley Park,New South Wales,351,100
119021659_1,151.111068,-33.905065,119021659,Campsie - North,New South Wales,468,100
119021659_2,151.106648,-33.905524,119021659,Campsie - North,New South Wales,468,100
119021659_3,151.108946,-33.904225,119021659,Campsie - North,New South Wales,468,100
119021659_4,151.109879,-33.906603,119021659,Campsie - North,New South Wales,468,100
119021659_5,151.109987,-33.906681,119021659,Campsie - North,New South Wales,468,100
119021660_1,151.105312,-33.915668,119021660,Campsie - South,New South Wales,347,100
119021660_2,151.101668,-33.91596,119021660,Campsie - South,New South Wales,347,100
119021660_3,151.096778,-33.916947,119021660,Campsie - South,New South Wales,347,100
119021660_4,151.097656,-33.913452,119021660,Campsie - South,New South Wales,347,100
119021661_1,151.100329,-33.919949,119021661,Canterbury - South,New South Wales,228,100
119021661_2,151.115345,-33.912453,119021661,Canterbury - South,New South Wales,228,100
119021661_3,151.112937,-33.913651,119021661,Canterbury - South,New South Wales,228,100
119021662_1,151.122979,-33.917855,119021662,Earlwood,New South Wales,161,100
119021662_2,151.134538,-33.915109,119021662,Earlwood,New South Wales,161,100
119021663_1,151.097857,-33.938537,119021663,Kingsgrove - North,New South Wales,70,100
119031370_1,151.07465,-33.957113,119031370,Narwee - Beverly Hills,New South Wales,234,100
119031370_2,151.062572,-33.950461,119031370,Narwee - Beverly Hills,New South Wales,234,100
119031370_3,151.069201,-33.945721,119031370,Narwee - Beverly Hills,New South Wales,234,100
119031371_1,151.083355,-33.987767,119031371,Oatley - Hurstville Grove,New South Wales,137,100
119031371_2,151.091624,-33.97044,119031371,Oatley - Hurstville Grove,New South Wales,137,100
119031372_1,151.047124,-33.966202,119031372,Peakhurst - Lugarno,New South Wales,177,100
119031372_2,151.045139,-33.960227,119031372,Peakhurst - Lugarno,New South Wales,177,100
119031373_1,151.056339,-33.943762,119031373,Riverwood,New South Wales,287,100
119031373_2,151.05531,-33.950359,119031373,Riverwood,New South Wales,287,100
119031373_3,151.048792,-33.944224,119031373,Riverwood,New South Wales,287,100
119031374_1,151.103992,-33.988538,119031374,South Hurstville - Blakehurst,New South Wales,654,100
119031374_2,151.120135,-33.98938,119031374,South Hurstville - Blakehurst,New South Wales,654,100
119031374_3,151.10927,-33.998196,119031374,South Hurstville - Blakehurst,New South Wales,654,100
119031374_4,151.086184,-33.989845,119031374,South Hurstville - Blakehurst,New South Wales,654,100
119031374_5,151.10412,-33.972309,119031374,South Hurstville - Blakehurst,New South Wales,654,100
119031374_6,151.104804,-33.991805,119031374,South Hurstville - Blakehurst,New South Wales,654,100
119031374_7,151.097842,-33.968202,119031374,South Hurstville - Blakehurst,New South Wales,654,100
119031664_1,151.104331,-33.967879,119031664,Hurstville - Central,New South Wales,596,100
119031664_2,151.116412,-33.967702,119031664,Hurstville - Central,New South Wales,596,100
119031664_3,151.114581,-33.968955,119031664,Hurstville - Central,New South Wales,596,100
119031664_4,151.106065,-33.962114,119031664,Hurstville - Central,New South Wales,596,100
119031664_5,151.105189,-33.96697,119031664,Hurstville - Central,New South Wales,596,100
119031664_6,151.099341,-33.964708,119031664,Hurstville - Central,New South Wales,596,100
119031665_1,151.08856,-33.955714,119031665,Hurstville - North,New South Wales,369,100
119031665_2,151.094052,-33.953709,119031665,Hurstville - North,New South Wales,369,100
119031665_3,151.088842,-33.958106,119031665,Hurstville - North,New South Wales,369,100
119031665_4,151.10187,-33.954885,119031665,Hurstville - North,New South Wales,369,100
119031666_1,151.063922,-33.981077,119031666,Mortdale - Oatley,New South Wales,225,100
119031666_2,151.06828,-33.968777,119031666,Mortdale - Oatley,New South Wales,225,100
119031666_3,151.069204,-33.98436,119031666,Mortdale - Oatley,New South Wales,225,100
119031667_1,151.084794,-33.965755,119031667,Penshurst,New South Wales,257,100
119031667_2,151.073395,-33.958182,119031667,Penshurst,New South Wales,257,100
119031667_3,151.073725,-33.958322,119031667,Penshurst,New South Wales,257,100
119041377_1,151.128628,-33.934841,119041377,Kingsgrove (South) - Bardwell Park,New South Wales,172,100
119041377_2,151.107589,-33.937064,119041377,Kingsgrove (South) - Bardwell Park,New South Wales,172,100
119041378_1,151.142196,-33.972959,119041378,Kogarah,New South Wales,493,100
119041378_2,151.138765,-33.960674,119041378,Kogarah,New South Wales,493,100
119041378_3,151.135629,-33.959443,119041378,Kogarah,New South Wales,493,100
119041378_4,151.141244,-33.971553,119041378,Kogarah,New South Wales,493,100
119041378_5,151.13946,-33.978895,119041378,Kogarah,New South Wales,493,100
119041379_1,151.120743,-33.972048,119041379,Kogarah Bay - Carlton - Allawah,New South Wales,389,100
119041379_2,151.123145,-33.974598,119041379,Kogarah Bay - Carlton - Allawah,New South Wales,389,100
119041379_3,151.124482,-33.973275,119041379,Kogarah Bay - Carlton - Allawah,New South Wales,389,100
119041379_4,151.125238,-33.985674,119041379,Kogarah Bay - Carlton - Allawah,New South Wales,389,100
119041380_1,151.150022,-33.975326,119041380,Monterey - Brighton-le-Sands - Kyeemagh,New South Wales,223,100
119041380_2,151.149965,-33.955325,119041380,Monterey - Brighton-le-Sands - Kyeemagh,New South Wales,223,100
119041380_3,151.159284,-33.954072,119041380,Monterey - Brighton-le-Sands - Kyeemagh,New South Wales,223,100
119041381_1,151.132567,-33.942995,119041381,Rockdale - Banksia,New South Wales,822,100
119041381_2,151.144221,-33.957799,119041381,Rockdale - Banksia,New South Wales,822,100
119041381_3,151.136734,-33.945884,119041381,Rockdale - Banksia,New South Wales,822,100
119041381_4,151.146216,-33.961369,119041381,Rockdale - Banksia,New South Wales,822,100
119041381_5,151.128446,-33.947236,119041381,Rockdale - Banksia,New South Wales,822,100
119041381_6,151.147742,-33.950625,119041381,Rockdale - Banksia,New South Wales,822,100
119041381_7,151.14043,-33.953768,119041381,Rockdale - Banksia,New South Wales,822,100
119041381_8,151.128878,-33.94563,119041381,Rockdale - Banksia,New South Wales,822,100
119041381_9,151.143417,-33.956446,119041381,Rockdale - Banksia,New South Wales,822,100
119041382_1,151.14779,-33.98882,119041382,Sans Souci - Ramsgate,New South Wales,146,100
119041382_2,151.134716,-33.996735,119041382,Sans Souci - Ramsgate,New South Wales,146,100
119041668_1,151.148896,-33.940378,119041668,Arncliffe - Bardwell Valley,New South Wales,438,100
119041668_2,151.160981,-33.937278,119041668,Arncliffe - Bardwell Valley,New South Wales,438,100
119041668_3,151.145517,-33.938906,119041668,Arncliffe - Bardwell Valley,New South Wales,438,100
119041668_4,151.154897,-33.935955,119041668,Arncliffe - Bardwell Valley,New South Wales,438,100
119041668_5,151.145007,-33.935408,119041668,Arncliffe - Bardwell Valley,New South Wales,438,100
119041669_1,151.117046,-33.956971,119041669,Bexley - North,New South Wales,107,100
119041669_2,151.117367,-33.958646,119041669,Bexley - North,New South Wales,107,100
119041670_1,151.124478,-33.966238,119041670,Bexley - South,New South Wales,437,100
119041670_2,151.129088,-33.96399,119041670,Bexley - South,New South Wales,437,100
119041670_3,151.122563,-33.954755,119041670,Bexley - South,New South Wales,437,100
119041670_4,151.130935,-33.962713,119041670,Bexley - South,New South Wales,437,100
119041670_5,151.120405,-33.967404,119041670,Bexley - South,New South Wales,437,100
119041671_1,151.149976,-33.934886,119041671,Wolli Creek,New South Wales,347,100
119041671_2,151.155175,-33.93054,119041671,Wolli Creek,New South Wales,347,100
119041671_3,151.15145,-33.928203,119041671,Wolli Creek,New South Wales,347,100
119041671_4,151.153367,-33.928408,119041671,Wolli Creek,New South Wales,347,100
120011383_1,151.105637,-33.856233,120011383,Concord - Mortlake - Cabarita,New South Wales,257,100
120011383_2,151.097132,-33.85766,120011383,Concord - Mortlake - Cabarita,New South Wales,257,100
120011383_3,151.101167,-33.865711,120011383,Concord - Mortlake - Cabarita,New South Wales,257,100
120011385_1,151.150172,-33.846032,120011385,Drummoyne - Rodd Point,New South Wales,181,100
120011385_2,151.155612,-33.858348,120011385,Drummoyne - Rodd Point,New South Wales,181,100
120011386_1,151.133511,-33.857503,120011386,Five Dock - Abbotsford,New South Wales,210,100
120011386_2,151.132743,-33.86913,120011386,Five Dock - Abbotsford,New South Wales,210,100
120011386_3,151.131499,-33.866958,120011386,Five Dock - Abbotsford,New South Wales,210,100
120011672_1,151.086354,-33.851763,120011672,Concord West - North Strathfield,New South Wales,255,100
120011672_2,151.100201,-33.839012,120011672,Concord West - North Strathfield,New South Wales,255,100
120011672_3,151.084391,-33.844607,120011672,Concord West - North Strathfield,New South Wales,255,100
120011673_1,151.089508,-33.822946,120011673,Rhodes,New South Wales,334,100
120011673_2,151.0864,-33.830095,120011673,Rhodes,New South Wales,334,100
120011673_3,151.086457,-33.823876,120011673,Rhodes,New South Wales,334,100
120011673_4,151.092774,-33.827859,120011673,Rhodes,New South Wales,334,100
120021387_1,151.195505,-33.856656,120021387,Balmain,New South Wales,201,100
120021387_2,151.181624,-33.863049,120021387,Balmain,New South Wales,201,100
120021387_3,151.170888,-33.857363,120021387,Balmain,New South Wales,201,100
120021389_1,151.16936,-33.86328,120021389,Lilyfield - Rozelle,New South Wales,134,100
120021389_2,151.162927,-33.873658,120021389,Lilyfield - Rozelle,New South Wales,134,100
120021674_1,151.172128,-33.87337,120021674,Annandale (NSW),New South Wales,115,100
120021674_2,151.173234,-33.882051,120021674,Annandale (NSW),New South Wales,115,100
120021675_1,151.152944,-33.880027,120021675,Leichhardt,New South Wales,145,100
120021675_2,151.147357,-33.887082,120021675,Leichhardt,New South Wales,145,100
120031392_1,151.129558,-33.915565,120031392,Canterbury (North) - Ashbury,New South Wales,163,100
120031392_2,151.11213,-33.90363,120031392,Canterbury (North) - Ashbury,New South Wales,163,100
120031393_1,151.110719,-33.897156,120031393,Croydon Park - Enfield,New South Wales,240,100
120031393_2,151.100256,-33.888013,120031393,Croydon Park - Enfield,New South Wales,240,100
120031393_3,151.103836,-33.89078,120031393,Croydon Park - Enfield,New South Wales,240,100
120031394_1,151.138976,-33.911562,120031394,Dulwich Hill - Lewisham,New South Wales,208,100
120031394_2,151.138332,-33.901943,120031394,Dulwich Hill - Lewisham,New South Wales,208,100
120031394_3,151.140348,-33.89557,120031394,Dulwich Hill - Lewisham,New South Wales,208,100
120031395_1,151.14179,-33.893052,120031395,Haberfield - Summer Hill,New South Wales,146,100
120031395_2,151.141583,-33.895081,120031395,Haberfield - Summer Hill,New South Wales,146,100
120031396_1,151.074124,-33.858038,120031396,Homebush,New South Wales,623,100
120031396_2,151.083164,-33.858731,120031396,Homebush,New South Wales,623,100
120031396_3,151.07356,-33.859591,120031396,Homebush,New South Wales,623,100
120031396_4,151.080176,-33.856725,120031396,Homebush,New South Wales,623,100
120031396_5,151.060703,-33.863955,120031396,Homebush,New South Wales,623,100
120031396_6,151.0671,-33.867696,120031396,Homebush,New South Wales,623,100
120031396_7,151.062575,-33.867033,120031396,Homebush,New South Wales,623,100
120031576_1,151.085339,-33.895328,120031576,Strathfield South,New South Wales,57,100
120031676_1,151.132571,-33.888715,120031676,Ashfield - North,New South Wales,455,100
120031676_2,151.128111,-33.88713,120031676,Ashfield - North,New South Wales,455,100
120031676_3,151.128581,-33.887027,120031676,Ashfield - North,New South Wales,455,100
120031676_4,151.124854,-33.885076,120031676,Ashfield - North,New South Wales,455,100
120031676_5,151.129751,-33.881636,120031676,Ashfield - North,New South Wales,455,100
120031677_1,151.127166,-33.903428,120031677,Ashfield - South,New South Wales,336,100
120031677_2,151.127126,-33.893971,120031677,Ashfield - South,New South Wales,336,100
120031677_3,151.121009,-33.892235,120031677,Ashfield - South,New South Wales,336,100
120031677_4,151.131931,-33.900653,120031677,Ashfield - South,New South Wales,336,100
120031678_1,151.105775,-33.884539,120031678,Burwood (NSW),New South Wales,655,100
120031678_2,151.10632,-33.87081,120031678,Burwood (NSW),New South Wales,655,100
120031678_3,151.098575,-33.883828,120031678,Burwood (NSW),New South Wales,655,100
120031678_4,151.099753,-33.875961,120031678,Burwood (NSW),New South Wales,655,100
120031678_5,151.097679,-33.880681,120031678,Burwood (NSW),New South Wales,655,100
120031678_6,151.105203,-33.870581,120031678,Burwood (NSW),New South Wales,655,100
120031678_7,151.108252,-33.869594,120031678,Burwood (NSW),New South Wales,655,100
120031679_1,151.110308,-33.874306,120031679,Croydon,New South Wales,208,100
120031679_2,151.115126,-33.886353,120031679,Croydon,New South Wales,208,100
120031679_3,151.116996,-33.886255,120031679,Croydon,New South Wales,208,100
120031680_1,151.084208,-33.890061,120031680,Strathfield - East,New South Wales,744,100
120031680_2,151.089548,-33.879765,120031680,Strathfield - East,New South Wales,744,100
120031680_3,151.086078,-33.88439,120031680,Strathfield - East,New South Wales,744,100
120031680_4,151.08447,-33.891393,120031680,Strathfield - East,New South Wales,744,100
120031680_5,151.090974,-33.885626,120031680,Strathfield - East,New South Wales,744,100
120031680_6,151.093763,-33.875397,120031680,Strathfield - East,New South Wales,744,100
120031680_7,151.088135,-33.89153,120031680,Strathfield - East,New South Wales,744,100
120031680_8,151.096451,-33.876011,120031680,Strathfield - East,New South Wales,744,100
120031681_1,151.065129,-33.8697,120031681,Strathfield - West,New South Wales,83,100
121011399_1,151.176079,-33.803364,121011399,Chatswood (West) - Lane Cove North,New South Wales,396,100
121011399_2,151.163385,-33.804348,121011399,Chatswood (West) - Lane Cove North,New South Wales,396,100
121011399_3,151.155515,-33.79478,121011399,Chatswood (West) - Lane Cove North,New South Wales,396,100
121011399_4,151.171669,-33.807661,121011399,Chatswood (West) - Lane Cove North,New South Wales,396,100
121011401_1,151.201829,-33.815401,121011401,St Leonards - Naremburn,New South Wales,213,100
121011401_2,151.186898,-33.816899,121011401,St Leonards - Naremburn,New South Wales,213,100
121011401_3,151.198804,-33.820225,121011401,St Leonards - Naremburn,New South Wales,213,100
121011682_1,151.179832,-33.806516,121011682,Artarmon,New South Wales,180,100
121011682_2,151.190891,-33.809458,121011682,Artarmon,New South Wales,180,100
121011683_1,151.211445,-33.815231,121011683,Castle Cove - Northbridge,New South Wales,122,100
121011683_2,151.219406,-33.816325,121011683,Castle Cove - Northbridge,New South Wales,122,100
121011684_1,151.185501,-33.802196,121011684,Chatswood - East,New South Wales,746,100
121011684_2,151.202086,-33.789455,121011684,Chatswood - East,New South Wales,746,100
121011684_3,151.20092,-33.785732,121011684,Chatswood - East,New South Wales,746,100
121011684_4,151.189956,-33.792973,121011684,Chatswood - East,New South Wales,746,100
121011684_5,151.186443,-33.798925,121011684,Chatswood - East,New South Wales,746,100
121011684_6,151.191593,-33.801327,121011684,Chatswood - East,New South Wales,746,100
121011684_7,151.199958,-33.784429,121011684,Chatswood - East,New South Wales,746,100
121011684_8,151.201319,-33.788084,121011684,Chatswood - East,New South Wales,746,100
121011685_1,151.153947,-33.828393,121011685,Greenwich - Riverview,New South Wales,134,100
121011685_2,151.185182,-33.84261,121011685,Greenwich - Riverview,New South Wales,134,100
121011686_1,151.15005,-33.810393,121011686,Lane Cove,New South Wales,184,100
121011686_2,151.167393,-33.813833,121011686,Lane Cove,New South Wales,184,100
121011687_1,151.195368,-33.804893,121011687,Willoughby,New South Wales,157,100
121011687_2,151.199032,-33.797845,121011687,Willoughby,New South Wales,157,100
121021403_1,151.112552,-33.676632,121021403,Asquith - Mount Colah,New South Wales,156,100
121021403_2,151.116458,-33.652936,121021403,Asquith - Mount Colah,New South Wales,156,100
121021404_1,151.133581,-33.590795,121021404,Berowra - Brooklyn - Cowan,New South Wales,65,100
121021406_1,151.081201,-33.714379,121021406,Normanhurst - Thornleigh - Westleigh,New South Wales,178,100
121021406_2,151.077807,-33.71485,121021406,Normanhurst - Thornleigh - Westleigh,New South Wales,178,100
121021577_1,151.098343,-33.709405,121021577,Hornsby - East,New South Wales,338,100
121021577_2,151.104151,-33.700554,121021577,Hornsby - East,New South Wales,338,100
121021577_3,151.10839,-33.702143,121021577,Hornsby - East,New South Wales,338,100
121021577_4,151.109802,-33.693225,121021577,Hornsby - East,New South Wales,338,100
121021578_1,151.082205,-33.685058,121021578,Hornsby - West,New South Wales,154,100
121021578_2,151.08724,-33.691259,121021578,Hornsby - West,New South Wales,154,100
121021579_1,151.112035,-33.714164,121021579,Wahroonga (West) - Waitara,New South Wales,272,100
121021579_2,151.109165,-33.710449,121021579,Wahroonga (West) - Waitara,New South Wales,272,100
121021579_3,151.104896,-33.715734,121021579,Wahroonga (West) - Waitara,New South Wales,272,100
121031407_1,151.148957,-33.753783,121031407,Gordon - Killara,New South Wales,390,100
121031407_2,151.14497,-33.761302,121031407,Gordon - Killara,New South Wales,390,100
121031407_3,151.169194,-33.755976,121031407,Gordon - Killara,New South Wales,390,100
121031407_4,151.144021,-33.760979,121031407,Gordon - Killara,New South Wales,390,100
121031408_1,151.170555,-33.783707,121031408,Lindfield - Roseville,New South Wales,361,100
121031408_2,151.150717,-33.780144,121031408,Lindfield - Roseville,New South Wales,361,100
121031408_3,151.203826,-33.777747,121031408,Lindfield - Roseville,New South Wales,361,100
121031408_4,151.199053,-33.771291,121031408,Lindfield - Roseville,New South Wales,361,100
121031409_1,151.137213,-33.767374,121031409,Pymble,New South Wales,189,100
121031409_2,151.130241,-33.770204,121031409,Pymble,New South Wales,189,100
121031410_1,151.160775,-33.717778,121031410,St Ives,New South Wales,246,100
121031410_2,151.176415,-33.717163,121031410,St Ives,New South Wales,246,100
121031410_3,151.162013,-33.737143,121031410,St Ives,New South Wales,246,100
121031411_1,151.141572,-33.698498,121031411,Turramurra,New South Wales,159,100
121031411_2,151.135902,-33.732677,121031411,Turramurra,New South Wales,159,100
121031412_1,151.127502,-33.700223,121031412,Wahroonga (East) - Warrawee,New South Wales,161,100
121031412_2,151.114139,-33.717944,121031412,Wahroonga (East) - Warrawee,New South Wales,161,100
121041413_1,151.213042,-33.817333,121041413,Cremorne - Cammeray,New South Wales,292,100
121041413_2,151.220695,-33.819823,121041413,Cremorne - Cammeray,New South Wales,292,100
121041413_3,151.2284,-33.842434,121041413,Cremorne - Cammeray,New South Wales,292,100
121041414_1,151.20269,-33.821933,121041414,Crows Nest - Waverton,New South Wales,301,100
121041414_2,151.201966,-33.831614,121041414,Crows Nest - Waverton,New South Wales,301,100
121041414_3,151.2061,-33.825057,121041414,Crows Nest - Waverton,New South Wales,301,100
121041414_4,151.188379,-33.835899,121041414,Crows Nest - Waverton,New South Wales,301,100
121041416_1,151.216192,-33.838232,121041416,Neutral Bay - Kirribilli,New South Wales,334,100
121041416_2,151.220228,-33.839448,121041416,Neutral Bay - Kirribilli,New South Wales,334,100
121041416_3,151.213265,-33.837708,121041416,Neutral Bay - Kirribilli,New South Wales,334,100
121041416_4,151.216547,-33.844465,121041416,Neutral Bay - Kirribilli,New South Wales,334,100
121041417_1,151.208066,-33.841342,121041417,North Sydney - Lavender Bay,New South Wales,295,100
121041417_2,151.205417,-33.84365,121041417,North Sydney - Lavender Bay,New South Wales,295,100
121041417_3,151.210961,-33.846321,121041417,North Sydney - Lavender Bay,New South Wales,295,100
121041688_1,151.239974,-33.810248,121041688,Mosman - North,New South Wales,222,100
121041688_2,151.244679,-33.831587,121041688,Mosman - North,New South Wales,222,100
121041688_3,151.238887,-33.810566,121041688,Mosman - North,New South Wales,222,100
121041689_1,151.24213,-33.82538,121041689,Mosman - South,New South Wales,208,100
121041689_2,151.240402,-33.834063,121041689,Mosman - South,New South Wales,208,100
121041689_3,151.240672,-33.837072,121041689,Mosman - South,New South Wales,208,100
122011418_1,151.235203,-33.779576,122011418,Balgowlah - Clontarf - Seaforth,New South Wales,198,100
122011418_2,151.259514,-33.789359,122011418,Balgowlah - Clontarf - Seaforth,New South Wales,198,100
122011419_1,151.304347,-33.810549,122011419,Manly - Fairlight,New South Wales,508,100
122011419_2,151.276104,-33.79551,122011419,Manly - Fairlight,New South Wales,508,100
122011419_3,151.299472,-33.807546,122011419,Manly - Fairlight,New South Wales,508,100
122011419_4,151.278176,-33.799334,122011419,Manly - Fairlight,New South Wales,508,100
122011419_5,151.284146,-33.797305,122011419,Manly - Fairlight,New South Wales,508,100
122011419_6,151.291585,-33.803449,122011419,Manly - Fairlight,New South Wales,508,100
122021420_1,151.318365,-33.636251,122021420,Avalon - Palm Beach,New South Wales,146,100
122021420_2,151.329479,-33.633595,122021420,Avalon - Palm Beach,New South Wales,146,100
122021421_1,151.30242,-33.607687,122021421,Bayview - Elanora Heights,New South Wales,104,100
122021421_2,151.265287,-33.7024,122021421,Bayview - Elanora Heights,New South Wales,104,100
122021422_1,151.314002,-33.664511,122021422,Newport - Bilgola,New South Wales,121,100
122021422_2,151.327172,-33.648109,122021422,Newport - Bilgola,New South Wales,121,100
122021690_1,151.298937,-33.675578,122021690,Mona Vale - Warriewood (North),New South Wales,137,100
122021690_2,151.287528,-33.681333,122021690,Mona Vale - Warriewood (North),New South Wales,137,100
122021691_1,151.292025,-33.693286,122021691,North Narrabeen - Warriewood (South),New South Wales,131,100
122021691_2,151.287989,-33.692135,122021691,North Narrabeen - Warriewood (South),New South Wales,131,100
122031424_1,151.275536,-33.754859,122031424,Beacon Hill - Narraweena,New South Wales,164,100
122031424_2,151.270592,-33.752041,122031424,Beacon Hill - Narraweena,New South Wales,164,100
122031425_1,151.269967,-33.728432,122031425,Cromer,New South Wales,64,100
122031427_1,151.213288,-33.771008,122031427,Forestville - Killarney Heights,New South Wales,121,100
122031427_2,151.23281,-33.773327,122031427,Forestville - Killarney Heights,New South Wales,121,100
122031429_1,151.297545,-33.766231,122031429,Freshwater - Brookvale,New South Wales,357,100
122031429_2,151.280383,-33.780631,122031429,Freshwater - Brookvale,New South Wales,357,100
122031429_3,151.282541,-33.774911,122031429,Freshwater - Brookvale,New South Wales,357,100
122031429_4,151.280078,-33.769616,122031429,Freshwater - Brookvale,New South Wales,357,100
122031430_1,151.233909,-33.763417,122031430,Manly Vale - Allambie Heights,New South Wales,200,100
122031430_2,151.246048,-33.78575,122031430,Manly Vale - Allambie Heights,New South Wales,200,100
122031432_1,151.179462,-33.694959,122031432,Terrey Hills - Duffys Forest,New South Wales,28,100
122031692_1,151.222278,-33.716931,122031692,Belrose,New South Wales,55,100
122031693_1,151.290098,-33.741919,122031693,Collaroy - Collaroy Plateau,New South Wales,151,100
122031693_2,151.293256,-33.72466,122031693,Collaroy - Collaroy Plateau,New South Wales,151,100
122031694_1,151.298792,-33.759587,122031694,Dee Why (South) - North Curl Curl,New South Wales,127,100
122031694_2,151.284233,-33.764137,122031694,Dee Why (South) - North Curl Curl,New South Wales,127,100
122031695_1,151.287529,-33.748623,122031695,Dee Why - North,New South Wales,413,100
122031695_2,151.284149,-33.754746,122031695,Dee Why - North,New South Wales,413,100
122031695_3,151.280671,-33.755017,122031695,Dee Why - North,New South Wales,413,100
122031695_4,151.279919,-33.75726,122031695,Dee Why - North,New South Wales,413,100
122031695_5,151.287265,-33.748404,122031695,Dee Why - North,New South Wales,413,100
122031696_1,151.207641,-33.74326,122031696,Frenchs Forest - Oxford Falls,New South Wales,164,100
122031696_2,151.211358,-33.748657,122031696,Frenchs Forest - Oxford Falls,New South Wales,164,100
122031697_1,151.281053,-33.728539,122031697,Narrabeen - Wheeler Heights,New South Wales,135,100
122031697_2,151.300802,-33.708469,122031697,Narrabeen - Wheeler Heights,New South Wales,135,100
123011433_1,150.678453,-34.088043,123011433,Camden - Ellis Lane,New South Wales,52,100
123011698_1,150.768288,-34.035059,123011698,Currans Hill,New South Wales,15,100
123011699_1,150.722041,-34.049869,123011699,Elderslie - Narellan,New South Wales,58,100
123011700_1,150.738437,-34.032634,123011700,Harrington Park,New South Wales,61,100
123011701_1,150.737477,-34.054113,123011701,Mount Annan,New South Wales,91,100
123011702_1,150.728128,-34.074938,123011702,Spring Farm,New South Wales,36,100
123021436_1,150.826367,-34.14964,123021436,Bradbury - Wedderburn,New South Wales,130,100
123021436_2,150.814444,-34.162395,123021436,Bradbury - Wedderburn,New South Wales,130,100
123021437_1,150.802267,-34.068327,123021437,Campbelltown - Woodbine,New South Wales,266,100
123021437_2,150.811737,-34.069881,123021437,Campbelltown - Woodbine,New South Wales,266,100
123021437_3,150.797367,-34.075415,123021437,Campbelltown - Woodbine,New South Wales,266,100
123021438_1,150.810524,-34.010547,123021438,Claymore - Eagle Vale - Raby,New South Wales,99,100
123021441_1,150.842257,-34.055649,123021441,Leumeah - Minto Heights,New South Wales,141,100
123021441_2,150.877341,-34.049272,123021441,Leumeah - Minto Heights,New South Wales,141,100
123021443_1,150.82587,-34.024828,123021443,Minto - St Andrews,New South Wales,224,100
123021443_2,150.842281,-34.040134,123021443,Minto - St Andrews,New South Wales,224,100
123021443_3,150.831031,-34.043906,123021443,Minto - St Andrews,New South Wales,224,100
123021444_1,150.775019,-34.102632,123021444,Rosemeadow - Glen Alpine,New South Wales,138,100
123021444_2,150.768894,-34.134688,123021444,Rosemeadow - Glen Alpine,New South Wales,138,100
123021703_1,150.82736,-33.977632,123021703,Denham Court - Bardia,New South Wales,104,100
123021703_2,150.82727,-33.992855,123021703,Denham Court - Bardia,New South Wales,104,100
123021704_1,150.87395,-33.973981,123021704,Glenfield,New South Wales,141,100
123021704_2,150.883565,-33.9647,123021704,Glenfield,New South Wales,141,100
123021705_1,150.859816,-34.015663,123021705,Ingleburn,New South Wales,226,100
123021705_2,150.87776,-34.006358,123021705,Ingleburn,New South Wales,226,100
123021705_3,150.870294,-33.978853,123021705,Ingleburn,New South Wales,226,100
123021706_1,150.893775,-34.000043,123021706,Macquarie Fields,New South Wales,147,100
123021706_2,150.886874,-33.985169,123021706,Macquarie Fields,New South Wales,147,100
123031445_1,150.615733,-34.278632,123031445,Bargo,New South Wales,11,100
123031446_1,150.654703,-34.108378,123031446,Douglas Park - Appin,New South Wales,41,100
123031447_1,150.563736,-34.201496,123031447,Picton - Tahmoor - Buxton,New South Wales,43,100
123031448_1,150.501994,-34.095804,123031448,The Oaks - Oakdale,New South Wales,37,100
124011449_1,150.224646,-33.701841,124011449,Blackheath - Megalong Valley,New South Wales,36,100
124011450_1,150.606042,-33.729501,124011450,Blaxland - Warrimoo - Lapstone,New South Wales,101,100
124011450_2,150.637413,-33.714964,124011450,Blaxland - Warrimoo - Lapstone,New South Wales,101,100
124011452_1,150.324521,-33.697729,124011452,Katoomba - Leura,New South Wales,157,100
124011452_2,150.296131,-33.68928,124011452,Katoomba - Leura,New South Wales,157,100
124011453_1,150.468099,-33.751545,124011453,Lawson - Hazelbrook - Linden,New South Wales,38,100
124011454_1,150.587587,-33.71725,124011454,Springwood - Winmalee,New South Wales,85,100
124011455_1,150.394437,-33.696126,124011455,Wentworth Falls,New South Wales,43,100
124031457_1,150.738156,-33.74435,124031457,Cambridge Park,New South Wales,50,100
124031459_1,150.651612,-33.755978,124031459,Emu Plains - Leonay,New South Wales,50,100
124031460_1,150.673792,-33.780209,124031460,Glenmore Park - Regentville,New South Wales,102,100
124031460_2,150.674443,-33.781554,124031460,Glenmore Park - Regentville,New South Wales,102,100
124031461_1,150.682577,-33.774875,124031461,Jamisontown - South Penrith,New South Wales,89,100
124031462_1,150.729958,-33.765855,124031462,Kingswood - Werrington,New South Wales,221,100
124031462_2,150.753137,-33.782145,124031462,Kingswood - Werrington,New South Wales,221,100
124031462_3,150.716278,-33.761925,124031462,Kingswood - Werrington,New South Wales,221,100
124031463_1,150.670148,-33.823986,124031463,Mulgoa - Luddenham - Orchard Hills,New South Wales,55,100
124031464_1,150.696575,-33.73056,124031464,Penrith,New South Wales,167,100
124031464_2,150.691016,-33.753553,124031464,Penrith,New South Wales,167,100
124031465_1,150.561542,-33.953881,124031465,Warragamba - Silverdale,New South Wales,10,100
124031707_1,150.727271,-33.691869,124031707,Cranebrook - Castlereagh,New South Wales,56,100
124031708_1,150.756809,-33.738836,124031708,Jordan Springs - Llandilo,New South Wales,89,100
124041466_1,150.797664,-33.589669,124041466,Richmond - Clarendon,New South Wales,62,100
124041467_1,150.80382,-33.664733,124041467,Windsor - Bligh Park,New South Wales,58,100
124041468_1,150.714072,-33.66591,124041468,Yarramundi - Londonderry,New South Wales,26,100
124051469_1,150.811268,-33.811447,124051469,Erskine Park,New South Wales,27,100
124051470_1,150.803743,-33.791613,124051470,St Clair,New South Wales,117,100
124051470_2,150.792945,-33.794416,124051470,St Clair,New South Wales,117,100
124051580_1,150.797915,-33.783373,124051580,Colyton - Oxley Park,New South Wales,113,100
124051580_2,150.796637,-33.771528,124051580,Colyton - Oxley Park,New South Wales,113,100
124051581_1,150.781305,-33.768129,124051581,St Marys - North St Marys,New South Wales,174,100
124051581_2,150.773127,-33.77708,124051581,St Marys - North St Marys,New South Wales,174,100
125011582_1,151.018481,-33.844715,125011582,Auburn - Central,New South Wales,749,100
125011582_2,151.025556,-33.85166,125011582,Auburn - Central,New South Wales,749,100
125011582_3,151.017515,-33.860124,125011582,Auburn - Central,New South Wales,749,100
125011582_4,151.024558,-33.859167,125011582,Auburn - Central,New South Wales,749,100
125011582_5,151.028099,-33.85975,125011582,Auburn - Central,New South Wales,749,100
125011582_6,151.031491,-33.856262,125011582,Auburn - Central,New South Wales,749,100
125011582_7,151.024375,-33.848122,125011582,Auburn - Central,New South Wales,749,100
125011582_8,151.015426,-33.862625,125011582,Auburn - Central,New South Wales,749,100
125011583_1,151.035685,-33.848868,125011583,Auburn - North,New South Wales,602,100
125011583_2,151.036675,-33.839068,125011583,Auburn - North,New South Wales,602,100
125011583_3,151.026438,-33.839132,125011583,Auburn - North,New South Wales,602,100
125011583_4,151.025865,-33.842305,125011583,Auburn - North,New South Wales,602,100
125011583_5,151.033503,-33.838731,125011583,Auburn - North,New South Wales,602,100
125011583_6,151.034728,-33.844539,125011583,Auburn - North,New South Wales,602,100
125011583_7,151.032188,-33.841274,125011583,Auburn - North,New South Wales,602,100
125011584_1,151.013904,-33.874232,125011584,Auburn - South,New South Wales,184,100
125011584_2,151.022823,-33.874491,125011584,Auburn - South,New South Wales,184,100
125011585_1,151.039345,-33.87897,125011585,Berala,New South Wales,223,100
125011585_2,151.029277,-33.872784,125011585,Berala,New South Wales,223,100
125011585_3,151.029541,-33.873647,125011585,Berala,New South Wales,223,100
125011586_1,151.046974,-33.85145,125011586,Lidcombe,New South Wales,718,100
125011586_2,151.038951,-33.863161,125011586,Lidcombe,New South Wales,718,100
125011586_3,151.046101,-33.878944,125011586,Lidcombe,New South Wales,718,100
125011586_4,151.042922,-33.853026,125011586,Lidcombe,New South Wales,718,100
125011586_5,151.04182,-33.876092,125011586,Lidcombe,New South Wales,718,100
125011586_6,151.041523,-33.850404,125011586,Lidcombe,New South Wales,718,100
125011586_7,151.040095,-33.885333,125011586,Lidcombe,New South Wales,718,100
125011586_8,151.049932,-33.849327,125011586,Lidcombe,New South Wales,718,100
125011587_1,151.028693,-33.879153,125011587,Regents Park,New South Wales,89,100
125011709_1,151.048313,-33.830521,125011709,Silverwater - Newington,New South Wales,139,100
125011709_2,151.041023,-33.83187,125011709,Silverwater - Newington,New South Wales,139,100
125011710_1,151.062893,-33.833399,125011710,Wentworth Point - Sydney Olympic Park,New South Wales,262,100
125011710_2,151.064271,-33.843336,125011710,Wentworth Point - Sydney Olympic Park,New South Wales,262,100
125011710_3,151.069899,-33.853615,125011710,Wentworth Point - Sydney Olympic Park,New South Wales,262,100
125021477_1,151.024977,-33.813491,125021477,Ermington - Rydalmere,New South Wales,349,100
125021477_2,151.060243,-33.798564,125021477,Ermington - Rydalmere,New South Wales,349,100
125021477_3,151.068022,-33.821147,125021477,Ermington - Rydalmere,New South Wales,349,100
125021477_4,151.051129,-33.801811,125021477,Ermington - Rydalmere,New South Wales,349,100
125021478_1,151.060619,-33.795705,125021478,Oatlands - Dundas Valley,New South Wales,272,100
125021478_2,151.049264,-33.789077,125021478,Oatlands - Dundas Valley,New South Wales,272,100
125021478_3,151.063902,-33.796092,125021478,Oatlands - Dundas Valley,New South Wales,272,100
125021711_1,151.057592,-33.780839,125021711,Carlingford - East,New South Wales,216,100
125021711_2,151.056556,-33.774428,125021711,Carlingford - East,New South Wales,216,100
125021711_3,151.058313,-33.7861,125021711,Carlingford - East,New South Wales,216,100
125021712_1,151.031734,-33.765801,125021712,Carlingford - West,New South Wales,353,100
125021712_2,151.043436,-33.786357,125021712,Carlingford - West,New South Wales,353,100
125021712_3,151.039313,-33.779158,125021712,Carlingford - West,New South Wales,353,100
125021712_4,151.048688,-33.776114,125021712,Carlingford - West,New South Wales,353,100
125031479_1,150.988822,-33.882653,125031479,Chester Hill - Sefton,New South Wales,240,100
125031479_2,151.001595,-33.881109,125031479,Chester Hill - Sefton,New South Wales,240,100
125031479_3,151.010091,-33.87904,125031479,Chester Hill - Sefton,New South Wales,240,100
125031480_1,150.985197,-33.861534,125031480,Fairfield - East,New South Wales,218,100
125031480_2,150.979989,-33.860295,125031480,Fairfield - East,New South Wales,218,100
125031480_3,150.982361,-33.862917,125031480,Fairfield - East,New South Wales,218,100
125031481_1,151.00799,-33.840723,125031481,Granville - Clyde,New South Wales,553,100
125031481_2,151.026116,-33.831835,125031481,Granville - Clyde,New South Wales,553,100
125031481_3,150.999292,-33.841639,125031481,Granville - Clyde,New South Wales,553,100
125031481_4,151.006633,-33.827803,125031481,Granville - Clyde,New South Wales,553,100
125031481_5,151.002306,-33.845442,125031481,Granville - Clyde,New South Wales,553,100
125031481_6,150.993227,-33.840179,125031481,Granville - Clyde,New South Wales,553,100
125031483_1,151.010528,-33.84823,125031483,Guildford - South Granville,New South Wales,313,100
125031483_2,150.994564,-33.849506,125031483,Guildford - South Granville,New South Wales,313,100
125031483_3,151.011807,-33.850962,125031483,Guildford - South Granville,New South Wales,313,100
125031483_4,151.009154,-33.873972,125031483,Guildford - South Granville,New South Wales,313,100
125031484_1,150.983979,-33.849517,125031484,Guildford West - Merrylands West,New South Wales,314,100
125031484_2,150.973707,-33.833252,125031484,Guildford West - Merrylands West,New South Wales,314,100
125031484_3,150.971297,-33.850287,125031484,Guildford West - Merrylands West,New South Wales,314,100
125031484_4,150.983428,-33.853169,125031484,Guildford West - Merrylands West,New South Wales,314,100
125031713_1,150.927847,-33.832012,125031713,Greystanes - South,New South Wales,129,100
125031713_2,150.938406,-33.822345,125031713,Greystanes - South,New South Wales,129,100
125031714_1,150.987273,-33.84579,125031714,Merrylands - Holroyd,New South Wales,514,100
125031714_2,150.976296,-33.84166,125031714,Merrylands - Holroyd,New South Wales,514,100
125031714_3,150.994948,-33.833386,125031714,Merrylands - Holroyd,New South Wales,514,100
125031714_4,150.977069,-33.836162,125031714,Merrylands - Holroyd,New South Wales,514,100
125031714_5,150.983341,-33.827713,125031714,Merrylands - Holroyd,New South Wales,514,100
125031714_6,150.980886,-33.842756,125031714,Merrylands - Holroyd,New South Wales,514,100
125031715_1,150.916601,-33.814209,125031715,Pemulwuy - Greystanes (North),New South Wales,78,100
125031716_1,150.963305,-33.824608,125031716,South Wentworthville,New South Wales,99,100
125041489_1,151.014758,-33.800312,125041489,North Parramatta,New South Wales,718,100
125041489_2,151.008511,-33.811138,125041489,North Parramatta,New South Wales,718,100
125041489_3,151.004945,-33.810729,125041489,North Parramatta,New South Wales,718,100
125041489_4,151.022934,-33.787172,125041489,North Parramatta,New South Wales,718,100
125041489_5,151.012497,-33.791186,125041489,North Parramatta,New South Wales,718,100
125041489_6,151.00026,-33.794298,125041489,North Parramatta,New South Wales,718,100
125041489_7,151.003784,-33.794013,125041489,North Parramatta,New South Wales,718,100
125041489_8,151.002837,-33.806818,125041489,North Parramatta,New South Wales,718,100
125041490_1,151.011719,-33.758995,125041490,North Rocks,New South Wales,74,100
125041491_1,150.998248,-33.79376,125041491,Northmead,New South Wales,670,100
125041491_2,151.001265,-33.776773,125041491,Northmead,New South Wales,670,100
125041491_3,151.002805,-33.77037,125041491,Northmead,New South Wales,670,100
125041491_4,150.979934,-33.806168,125041491,Northmead,New South Wales,670,100
125041491_5,150.9872,-33.796518,125041491,Northmead,New South Wales,670,100
125041491_6,150.995469,-33.778167,125041491,Northmead,New South Wales,670,100
125041491_7,150.991081,-33.788555,125041491,Northmead,New South Wales,670,100
125041493_1,150.980397,-33.794394,125041493,Toongabbie - Constitution Hill,New South Wales,347,100
125041493_2,150.949525,-33.779573,125041493,Toongabbie - Constitution Hill,New South Wales,347,100
125041493_3,150.959344,-33.79121,125041493,Toongabbie - Constitution Hill,New South Wales,347,100
125041493_4,150.971877,-33.803114,125041493,Toongabbie - Constitution Hill,New South Wales,347,100
125041494_1,150.977922,-33.782254,125041494,Winston Hills,New South Wales,88,100
125041588_1,150.946648,-33.802775,125041588,Pendle Hill - Girraween,New South Wales,316,100
125041588_2,150.948424,-33.80086,125041588,Pendle Hill - Girraween,New South Wales,316,100
125041588_3,150.949501,-33.80704,125041588,Pendle Hill - Girraween,New South Wales,316,100
125041588_4,150.949463,-33.809815,125041588,Pendle Hill - Girraween,New South Wales,316,100
125041589_1,150.966015,-33.815041,125041589,Wentworthville - Westmead,New South Wales,849,100
125041589_2,150.992765,-33.815794,125041589,Wentworthville - Westmead,New South Wales,849,100
125041589_3,150.982784,-33.812372,125041589,Wentworthville - Westmead,New South Wales,849,100
125041589_4,150.988897,-33.809255,125041589,Wentworthville - Westmead,New South Wales,849,100
125041589_5,150.990545,-33.816979,125041589,Wentworthville - Westmead,New South Wales,849,100
125041589_6,150.972418,-33.814879,125041589,Wentworthville - Westmead,New South Wales,849,100
125041589_7,150.977471,-33.813176,125041589,Wentworthville - Westmead,New South Wales,849,100
125041589_8,150.989807,-33.810307,125041589,Wentworthville - Westmead,New South Wales,849,100
125041589_9,150.976317,-33.812427,125041589,Wentworthville - Westmead,New South Wales,849,100
125041717_1,151.020406,-33.815429,125041717,Parramatta - North,New South Wales,567,100
125041717_2,150.99089,-33.810885,125041717,Parramatta - North,New South Wales,567,100
125041717_3,150.995696,-33.811924,125041717,Parramatta - North,New South Wales,567,100
125041717_4,151.007196,-33.81438,125041717,Parramatta - North,New South Wales,567,100
125041717_5,150.993828,-33.81388,125041717,Parramatta - North,New South Wales,567,100
125041717_6,150.995343,-33.808665,125041717,Parramatta - North,New South Wales,567,100
125041718_1,151.005421,-33.821298,125041718,Parramatta - South,New South Wales,718,100
125041718_2,150.98907,-33.825215,125041718,Parramatta - South,New South Wales,718,100
125041718_3,151.004355,-33.82747,125041718,Parramatta - South,New South Wales,718,100
125041718_4,151.001001,-33.819976,125041718,Parramatta - South,New South Wales,718,100
125041718_5,151.002367,-33.821084,125041718,Parramatta - South,New South Wales,718,100
125041718_6,151.005048,-33.821169,125041718,Parramatta - South,New South Wales,718,100
125041718_7,150.995315,-33.826669,125041718,Parramatta - South,New South Wales,718,100
125041718_8,150.994547,-33.827305,125041718,Parramatta - South,New South Wales,718,100
125041719_1,151.025597,-33.815077,125041719,Rosehill - Harris Park,New South Wales,614,100
125041719_2,151.039628,-33.823039,125041719,Rosehill - Harris Park,New South Wales,614,100
125041719_3,151.034687,-33.823428,125041719,Rosehill - Harris Park,New South Wales,614,100
125041719_4,151.011241,-33.826643,125041719,Rosehill - Harris Park,New South Wales,614,100
125041719_5,151.045895,-33.823633,125041719,Rosehill - Harris Park,New South Wales,614,100
125041719_6,151.013209,-33.826794,125041719,Rosehill - Harris Park,New South Wales,614,100
125041719_7,151.014497,-33.825576,125041719,Rosehill - Harris Park,New South Wales,614,100
126011496_1,151.078029,-33.759018,126011496,Pennant Hills - Cheltenham,New South Wales,209,100
126011496_2,151.068428,-33.757039,126011496,Pennant Hills - Cheltenham,New South Wales,209,100
126011496_3,151.073515,-33.754399,126011496,Pennant Hills - Cheltenham,New South Wales,209,100
126011720_1,151.089342,-33.762043,126011720,Epping (East) - North Epping,New South Wales,229,100
126011720_2,151.090363,-33.76276,126011720,Epping (East) - North Epping,New South Wales,229,100
126011720_3,151.088285,-33.774677,126011720,Epping (East) - North Epping,New South Wales,229,100
126011721_1,151.064777,-33.767632,126011721,Epping (NSW) - West,New South Wales,387,100
126011721_2,151.064082,-33.775506,126011721,Epping (NSW) - West,New South Wales,387,100
126011721_3,151.082419,-33.77473,126011721,Epping (NSW) - West,New South Wales,387,100
126011721_4,151.064458,-33.766122,126011721,Epping (NSW) - West,New South Wales,387,100
126021498_1,151.125264,-33.817579,126021498,Gladesville - Huntleys Point,New South Wales,129,100
126021498_2,151.126074,-33.824407,126021498,Gladesville - Huntleys Point,New South Wales,129,100
126021499_1,151.142653,-33.832311,126021499,Hunters Hill - Woolwich,New South Wales,70,100
126021500_1,151.096551,-33.773707,126021500,Macquarie Park - Marsfield,New South Wales,753,100
126021500_2,151.102949,-33.783537,126021500,Macquarie Park - Marsfield,New South Wales,753,100
126021500_3,151.120131,-33.784672,126021500,Macquarie Park - Marsfield,New South Wales,753,100
126021500_4,151.100321,-33.7731,126021500,Macquarie Park - Marsfield,New South Wales,753,100
126021500_5,151.109092,-33.778021,126021500,Macquarie Park - Marsfield,New South Wales,753,100
126021500_6,151.118361,-33.771767,126021500,Macquarie Park - Marsfield,New South Wales,753,100
126021500_7,151.110995,-33.789725,126021500,Macquarie Park - Marsfield,New South Wales,753,100
126021500_8,151.11096,-33.768049,126021500,Macquarie Park - Marsfield,New South Wales,753,100
126021501_1,151.141767,-33.803839,126021501,North Ryde - East Ryde,New South Wales,176,100
126021501_2,151.131097,-33.79214,126021501,North Ryde - East Ryde,New South Wales,176,100
126021503_1,151.085449,-33.806745,126021503,West Ryde - Meadowbank,New South Wales,499,100
126021503_2,151.08821,-33.809526,126021503,West Ryde - Meadowbank,New South Wales,499,100
126021503_3,151.084338,-33.805593,126021503,West Ryde - Meadowbank,New South Wales,499,100
126021503_4,151.098995,-33.806368,126021503,West Ryde - Meadowbank,New South Wales,499,100
126021503_5,151.072138,-33.803779,126021503,West Ryde - Meadowbank,New South Wales,499,100
126021590_1,151.108876,-33.83383,126021590,Putney,New South Wales,36,100
126021722_1,151.082798,-33.800964,126021722,Denistone,New South Wales,83,100
126021723_1,151.075752,-33.797152,126021723,Eastwood,New South Wales,476,100
126021723_2,151.094887,-33.783191,126021723,Eastwood,New South Wales,476,100
126021723_3,151.095894,-33.787486,126021723,Eastwood,New South Wales,476,100
126021723_4,151.081958,-33.785199,126021723,Eastwood,New South Wales,476,100
126021723_5,151.081481,-33.792548,126021723,Eastwood,New South Wales,476,100
126021724_1,151.123896,-33.812508,126021724,Ryde - North,New South Wales,468,100
126021724_2,151.107133,-33.810381,126021724,Ryde - North,New South Wales,468,100
126021724_3,151.109713,-33.814255,126021724,Ryde - North,New South Wales,468,100
126021724_4,151.103424,-33.809361,126021724,Ryde - North,New South Wales,468,100
126021724_5,151.109302,-33.797449,126021724,Ryde - North,New South Wales,468,100
126021725_1,151.109964,-33.817262,126021725,Ryde - South,New South Wales,230,100
126021725_2,151.104262,-33.816751,126021725,Ryde - South,New South Wales,230,100
126021725_3,151.108528,-33.82148,126021725,Ryde - South,New South Wales,230,100
127011504_1,150.876959,-33.922755,127011504,Ashcroft - Busby - Miller,New South Wales,127,100
127011504_2,150.8928,-33.919094,127011504,Ashcroft - Busby - Miller,New South Wales,127,100
127011505_1,150.824067,-33.879093,127011505,Austral - Greendale,New South Wales,141,100
127011505_2,150.677657,-33.91954,127011505,Austral - Greendale,New South Wales,141,100
127011593_1,150.854257,-33.897673,127011593,Cecil Hills,New South Wales,36,100
127011594_1,150.880114,-33.901878,127011594,Green Valley,New South Wales,114,100
127011594_2,150.859774,-33.896495,127011594,Green Valley,New South Wales,114,100
127011595_1,150.864023,-33.91314,127011595,Hinchinbrook,New South Wales,111,100
127011595_2,150.858388,-33.917505,127011595,Hinchinbrook,New South Wales,111,100
127011596_1,150.84119,-33.941987,127011596,Hoxton Park - Carnes Hill - Horningsea Park,New South Wales,79,100
127011597_1,150.825812,-33.934182,127011597,West Hoxton - Middleton Grange,New South Wales,106,100
127011597_2,150.837423,-33.926644,127011597,West Hoxton - Middleton Grange,New South Wales,106,100
127011726_1,150.700673,-34.004735,127011726,Cobbitty - Bringelly,New South Wales,9,100
127011727_1,150.792574,-34.011305,127011727,Gledswood Hills - Gregory Hills,New South Wales,58,100
127011728_1,150.767275,-33.991404,127011728,Leppington - Catherine Field,New South Wales,62,100
127011729_1,150.756504,-33.993269,127011729,Oran Park,New South Wales,85,100
127021509_1,150.898624,-33.89072,127021509,Bonnyrigg Heights - Bonnyrigg,New South Wales,130,100
127021509_2,150.879053,-33.892628,127021509,Bonnyrigg Heights - Bonnyrigg,New South Wales,130,100
127021510_1,150.892583,-33.868984,127021510,Bossley Park - Abbotsbury,New South Wales,183,100
127021510_2,150.854901,-33.866121,127021510,Bossley Park - Abbotsbury,New South Wales,183,100
127021511_1,150.924751,-33.89001,127021511,Cabramatta - Lansvale,New South Wales,505,100
127021511_2,150.955323,-33.893898,127021511,Cabramatta - Lansvale,New South Wales,505,100
127021511_3,150.956486,-33.899719,127021511,Cabramatta - Lansvale,New South Wales,505,100
127021511_4,150.927087,-33.898683,127021511,Cabramatta - Lansvale,New South Wales,505,100
127021511_5,150.950464,-33.899657,127021511,Cabramatta - Lansvale,New South Wales,505,100
127021511_6,150.929838,-33.899698,127021511,Cabramatta - Lansvale,New South Wales,505,100
127021512_1,150.910288,-33.894267,127021512,Cabramatta West - Mount Pritchard,New South Wales,191,100
127021512_2,150.907444,-33.895366,127021512,Cabramatta West - Mount Pritchard,New South Wales,191,100
127021513_1,150.919502,-33.879735,127021513,Canley Vale - Canley Heights,New South Wales,281,100
127021513_2,150.947329,-33.883566,127021513,Canley Vale - Canley Heights,New South Wales,281,100
127021513_3,150.940006,-33.878448,127021513,Canley Vale - Canley Heights,New South Wales,281,100
127021514_1,150.866772,-33.881781,127021514,Edensor Park,New South Wales,105,100
127021514_2,150.876977,-33.881719,127021514,Edensor Park,New South Wales,105,100
127021515_1,150.951701,-33.872452,127021515,Fairfield,New South Wales,533,100
127021515_2,150.952323,-33.880847,127021515,Fairfield,New South Wales,533,100
127021515_3,150.955792,-33.876274,127021515,Fairfield,New South Wales,533,100
127021515_4,150.948838,-33.870442,127021515,Fairfield,New South Wales,533,100
127021515_5,150.955479,-33.861822,127021515,Fairfield,New South Wales,533,100
127021515_6,150.957189,-33.86432,127021515,Fairfield,New South Wales,533,100
127021516_1,150.923764,-33.86275,127021516,Fairfield - West,New South Wales,340,100
127021516_2,150.927974,-33.863992,127021516,Fairfield - West,New South Wales,340,100
127021516_3,150.932059,-33.861332,127021516,Fairfield - West,New South Wales,340,100
127021516_4,150.934042,-33.86141,127021516,Fairfield - West,New South Wales,340,100
127021517_1,150.889271,-33.876308,127021517,Greenfield Park - Prairiewood,New South Wales,78,100
127021518_1,150.803134,-33.853407,127021518,Horsley Park - Kemps Creek,New South Wales,15,100
127021519_1,150.90079,-33.85092,127021519,Smithfield - Wetherill Park,New South Wales,245,100
127021519_2,150.899459,-33.852064,127021519,Smithfield - Wetherill Park,New South Wales,245,100
127021519_3,150.901718,-33.853021,127021519,Smithfield - Wetherill Park,New South Wales,245,100
127021520_1,150.89981,-33.883197,127021520,St Johns Park - Wakeley,New South Wales,95,100
127031522_1,150.880437,-33.95833,127031522,Casula,New South Wales,159,100
127031522_2,150.893986,-33.948314,127031522,Casula,New South Wales,159,100
127031523_1,150.964484,-33.928353,127031523,Chipping Norton - Moorebank,New South Wales,144,100
127031523_2,150.968131,-33.911819,127031523,Chipping Norton - Moorebank,New South Wales,144,100
127031524_1,150.989074,-34.008428,127031524,Holsworthy - Wattle Grove,New South Wales,173,100
127031524_2,150.918776,-33.979347,127031524,Holsworthy - Wattle Grove,New South Wales,173,100
127031599_1,150.891217,-33.926447,127031599,Lurnea - Cartwright,New South Wales,145,100
127031599_2,150.901387,-33.930327,127031599,Lurnea - Cartwright,New South Wales,145,100
127031601_1,150.934741,-33.914481,127031601,Warwick Farm,New South Wales,132,100
127031601_2,150.932676,-33.906379,127031601,Warwick Farm,New South Wales,132,100
127031730_1,150.858208,-33.961205,127031730,Edmondson Park,New South Wales,68,100
127031731_1,150.92321,-33.926734,127031731,Liverpool - East,New South Wales,454,100
127031731_2,150.925501,-33.921104,127031731,Liverpool - East,New South Wales,454,100
127031731_3,150.920669,-33.935306,127031731,Liverpool - East,New South Wales,454,100
127031731_4,150.923852,-33.92741,127031731,Liverpool - East,New South Wales,454,100
127031731_5,150.924617,-33.922191,127031731,Liverpool - East,New South Wales,454,100
127031732_1,150.910261,-33.926891,127031732,Liverpool - West,New South Wales,224,100
127031732_2,150.912377,-33.924426,127031732,Liverpool - West,New South Wales,224,100
127031732_3,150.915316,-33.928494,127031732,Liverpool - West,New South Wales,224,100
127031733_1,150.873944,-33.94317,127031733,Prestons,New South Wales,126,100
127031733_2,150.858389,-33.945659,127031733,Prestons,New South Wales,126,100
128011529_1,151.089649,-34.027012,128011529,Gymea - Grays Point,New South Wales,115,100
128011529_2,151.079893,-34.042999,128011529,Gymea - Grays Point,New South Wales,115,100
128011530_1,151.1109,-34.032333,128011530,Miranda - Yowie Bay,New South Wales,194,100
128011530_2,151.10364,-34.047779,128011530,Miranda - Yowie Bay,New South Wales,194,100
128011531_1,151.10784,-34.017666,128011531,Sylvania - Taren Point,New South Wales,100,100
128011602_1,151.132176,-34.030613,128011602,Caringbah,New South Wales,122,100
128011602_2,151.129111,-34.026851,128011602,Caringbah,New South Wales,122,100
128011603_1,151.132426,-34.061973,128011603,Caringbah South,New South Wales,74,100
128011604_1,151.229568,-34.026526,128011604,Cronulla - Kurnell - Bundeena,New South Wales,251,100
128011604_2,151.198241,-34.035328,128011604,Cronulla - Kurnell - Bundeena,New South Wales,251,100
128011604_3,151.168239,-34.034315,128011604,Cronulla - Kurnell - Bundeena,New South Wales,251,100
128011605_1,151.119795,-34.064037,128011605,Lilli Pilli - Port Hacking - Dolans Bay,New South Wales,27,100
128011606_1,151.143139,-34.043745,128011606,Woolooware - Burraneer,New South Wales,62,100
128021533_1,150.974331,-34.1358,128021533,Heathcote - Waterfall,New South Wales,34,100
128021534_1,151.043192,-33.995912,128021534,Illawong - Alfords Point,New South Wales,77,100
128021535_1,150.997088,-34.021388,128021535,Menai - Lucas Heights - Woronora,New South Wales,113,100
128021535_2,151.040139,-34.02095,128021535,Menai - Lucas Heights - Woronora,New South Wales,113,100
128021536_1,151.073668,-34.011294,128021536,Oyster Bay - Como - Jannali,New South Wales,134,100
128021536_2,151.052535,-34.013732,128021536,Oyster Bay - Como - Jannali,New South Wales,134,100
128021538_1,151.059925,-34.037168,128021538,Sutherland - Kirrawee,New South Wales,187,100
128021538_2,151.060163,-34.032576,128021538,Sutherland - Kirrawee,New South Wales,187,100
128021607_1,151.034269,-34.04719,128021607,Engadine,New South Wales,58,100
128021608_1,151.040557,-34.040806,128021608,Loftus - Yarrawarrah,New South Wales,31,100
128021609_1,151.039878,-34.028752,128021609,Woronora Heights,New South Wales,26,100
201011001_1,143.765649,-37.528571,201011001,Alfredton,Victoria,79,100
201011002_1,143.860884,-37.562582,201011002,Ballarat,Victoria,86,100
201011005_1,143.886678,-37.632216,201011005,Buninyong,Victoria,34,100
201011006_1,143.74525,-37.585138,201011006,Delacombe,Victoria,22,100
201011008_1,143.811308,-37.518951,201011008,Wendouree - Miners Rest,Victoria,63,100
201011481_1,143.897522,-37.557519,201011481,Ballarat East - Warrenheip,Victoria,34,100
201011482_1,143.927014,-37.524238,201011482,Ballarat North - Invermay,Victoria,48,100
201011483_1,143.895628,-37.599993,201011483,Canadian - Mount Clear,Victoria,86,100
201011484_1,143.838486,-37.583719,201011484,Sebastopol - Redan,Victoria,34,100
201021009_1,144.371884,-37.537413,201021009,Bacchus Marsh Surrounds,Victoria,10,100
201021010_1,143.781918,-37.303163,201021010,Creswick - Clunes,Victoria,11,100
201021011_1,144.04649,-37.350015,201021011,Daylesford,Victoria,40,100
201021012_1,143.944774,-37.610028,201021012,Gordon (Vic.),Victoria,9,100
201031013_1,143.523434,-37.010403,201031013,Avoca,Victoria,5,100
201031014_1,143.428283,-37.310662,201031014,Beaufort,Victoria,5,100
201031015_1,143.788647,-37.778293,201031015,Golden Plains - North,Victoria,5,100
201031016_1,143.698861,-37.045272,201031016,Maryborough (Vic.),Victoria,12,100
201031017_1,143.63166,-36.976206,201031017,Maryborough Surrounds,Victoria,9,100
202011018_1,144.275281,-36.760548,202011018,Bendigo,Victoria,85,100
202011019_1,144.247837,-36.698421,202011019,California Gully - Eaglehawk,Victoria,34,100
202011020_1,144.316875,-36.757291,202011020,East Bendigo - Kennington,Victoria,59,100
202011021_1,144.273946,-36.800097,202011021,Flora Hill - Spring Gully,Victoria,52,100
202011022_1,144.259094,-36.777169,202011022,Kangaroo Flat - Golden Square,Victoria,82,100
202011023_1,144.209189,-36.777741,202011023,Maiden Gully,Victoria,6,100
202011024_1,144.394864,-36.806401,202011024,Strathfieldsaye,Victoria,15,100
202011025_1,144.353826,-36.656255,202011025,White Hills - Ascot,Victoria,47,100
202021026_1,144.041981,-36.803886,202021026,Bendigo Surrounds - South,Victoria,15,100
202021027_1,144.282483,-37.084688,202021027,Castlemaine,Victoria,41,100
202021028_1,144.151741,-37.151246,202021028,Castlemaine Surrounds,Victoria,19,100
202021029_1,144.832322,-36.891641,202021029,Heathcote,Victoria,4,100
202021030_1,144.56523,-37.236686,202021030,Kyneton,Victoria,37,100
202021031_1,144.429325,-37.438544,202021031,Woodend,Victoria,25,100
202031032_1,144.416852,-36.601421,202031032,Bendigo Surrounds - North,Victoria,2,100
202031033_1,143.654529,-36.080934,202031033,Loddon,Victoria,15,100
203011034_1,144.241446,-38.113324,203011034,Bannockburn,Victoria,12,100
203011035_1,143.970614,-38.02585,203011035,Golden Plains - South,Victoria,13,100
203011036_1,144.144916,-38.266213,203011036,Winchelsea,Victoria,12,100
203021037_1,144.350825,-38.174237,203021037,Belmont,Victoria,108,100
203021037_2,144.337202,-38.169515,203021037,Belmont,Victoria,108,100
203021039_1,144.363103,-38.145519,203021039,Geelong,Victoria,156,100
203021039_2,144.382884,-38.150855,203021039,Geelong,Victoria,156,100
203021040_1,144.334448,-38.141675,203021040,Geelong West - Hamlyn Heights,Victoria,148,100
203021040_2,144.280727,-38.117555,203021040,Geelong West - Hamlyn Heights,Victoria,148,100
203021042_1,144.317995,-38.165945,203021042,Highton,Victoria,181,100
203021042_2,144.282128,-38.180286,203021042,Highton,Victoria,181,100
203021043_1,144.40653,-37.851452,203021043,Lara,Victoria,77,100
203021044_1,144.478763,-38.183548,203021044,Leopold,Victoria,41,100
203021045_1,144.439007,-38.181208,203021045,Newcomb - Moolap,Victoria,46,100
203021046_1,144.325188,-38.150449,203021046,Newtown (Vic.),Victoria,94,100
203021047_1,144.271493,-38.107125,203021047,North Geelong - Bell Park,Victoria,89,100
203021485_1,144.367004,-38.196557,203021485,Charlemont,Victoria,28,100
203021486_1,144.252444,-38.027171,203021486,Corio - Lovely Banks,Victoria,190,100
203021486_2,144.306617,-38.040002,203021486,Corio - Lovely Banks,Victoria,190,100
203021487_1,144.314626,-38.230468,203021487,Grovedale - Mount Duneed,Victoria,133,100
203021487_2,144.264946,-38.229725,203021487,Grovedale - Mount Duneed,Victoria,133,100
203021488_1,144.349021,-38.092342,203021488,Norlane,Victoria,52,100
203031048_1,144.538459,-38.19632,203031048,Clifton Springs,Victoria,32,100
203031049_1,143.977139,-38.410108,203031049,Lorne - Anglesea,Victoria,28,100
203031051_1,144.706662,-38.150381,203031051,Portarlington,Victoria,17,100
203031052_1,144.600505,-38.203483,203031052,Point Lonsdale - Queenscliff,Victoria,17,100
203031053_1,144.234826,-38.347146,203031053,Torquay,Victoria,122,100
203031053_2,144.277631,-38.314238,203031053,Torquay,Victoria,122,100
203031489_1,144.418603,-38.226472,203031489,Barwon Heads - Armstrong Creek,Victoria,55,100
203031490_1,144.545483,-38.210906,203031490,Ocean Grove,Victoria,70,100
204011054_1,146.072458,-37.497027,204011054,Alexandra,Victoria,22,100
204011055_1,145.817134,-36.542583,204011055,Euroa,Victoria,12,100
204011056_1,144.920579,-37.270564,204011056,Kilmore - Broadford,Victoria,55,100
204011057_1,145.725669,-36.969273,204011057,Mansfield (Vic.),Victoria,55,100
204011058_1,145.363086,-36.990636,204011058,Nagambie,Victoria,19,100
204011059_1,145.143046,-37.060308,204011059,Seymour,Victoria,47,100
204011060_1,145.052923,-36.976549,204011060,Seymour Surrounds,Victoria,28,100
204011062_1,145.543483,-37.407063,204011062,Yea,Victoria,7,100
204021063_1,145.934346,-36.587028,204021063,Benalla,Victoria,13,100
204021064_1,146.104325,-36.813413,204021064,Benalla Surrounds,Victoria,4,100
204021065_1,146.480217,-36.009697,204021065,Rutherglen,Victoria,9,100
204021066_1,146.34316,-36.343714,204021066,Wangaratta,Victoria,55,100
204021067_1,146.330992,-36.620087,204021067,Wangaratta Surrounds,Victoria,14,100
204031068_1,146.662945,-36.298854,204031068,Beechworth,Victoria,8,100
204031069_1,147.297698,-37.170463,204031069,Bright - Mount Beauty,Victoria,41,100
204031071_1,146.836117,-36.531142,204031071,Myrtleford,Victoria,10,100
204031072_1,147.866668,-36.066743,204031072,Towong,Victoria,17,100
204031073_1,146.7482,-36.090799,204031073,West Wodonga,Victoria,52,100
204031075_1,147.092059,-36.411034,204031075,Yackandandah,Victoria,7,100
204031491_1,146.859967,-36.233044,204031491,Baranduda - Leneva,Victoria,53,100
204031492_1,146.908568,-36.122688,204031492,Wodonga,Victoria,71,100
205011076_1,145.764031,-38.176078,205011076,Drouin,Victoria,36,100
205011077_1,146.510796,-38.052927,205011077,Mount Baw Baw Region,Victoria,13,100
205011078_1,146.11169,-38.203191,205011078,Trafalgar (Vic.),Victoria,13,100
205011079_1,146.01967,-38.104871,205011079,Warragul,Victoria,65,100
205021081_1,147.60003,-37.818117,205021081,Bairnsdale,Victoria,36,100
205021082_1,147.756629,-37.337089,205021082,Bruthen - Omeo,Victoria,12,100
205021084_1,147.891739,-37.886706,205021084,Lakes Entrance,Victoria,18,100
205021085_1,148.441947,-37.014269,205021085,Orbost,Victoria,7,100
205021086_1,147.530609,-38.023846,205021086,Paynesville,Victoria,14,100
205031087_1,146.007629,-38.766672,205031087,Foster,Victoria,28,100
205031089_1,145.902252,-38.331648,205031089,Korumburra,Victoria,13,100
205031090_1,146.232306,-38.329608,205031090,Leongatha,Victoria,29,100
205031091_1,145.29883,-38.498611,205031091,Phillip Island,Victoria,44,100
205031093_1,145.653202,-38.551312,205031093,Wonthaggi - Inverloch,Victoria,66,100
205041094_1,146.45065,-38.265572,205041094,Churchill,Victoria,26,100
205041095_1,146.268722,-38.183136,205041095,Moe - Newborough,Victoria,41,100
205041096_1,146.387531,-38.222536,205041096,Morwell,Victoria,38,100
205041098_1,146.537191,-38.081095,205041098,Yallourn North - Glengarry,Victoria,4,100
205041493_1,146.546597,-38.177868,205041493,Traralgon - East,Victoria,35,100
205041494_1,146.513193,-38.170787,205041494,Traralgon - West,Victoria,76,100
205051100_1,147.434253,-38.089108,205051100,Longford - Loch Sport,Victoria,14,100
205051101_1,147.229759,-37.871944,205051101,Maffra,Victoria,47,100
205051102_1,146.969486,-38.112774,205051102,Rosedale,Victoria,7,100
205051103_1,147.038902,-38.113144,205051103,Sale,Victoria,72,100
205051104_1,146.454098,-38.548166,205051104,Yarram,Victoria,7,100
206011106_1,144.974956,-37.771534,206011106,Brunswick East,Victoria,245,100
206011106_2,144.982991,-37.772911,206011106,Brunswick East,Victoria,245,100
206011106_3,144.981335,-37.769208,206011106,Brunswick East,Victoria,245,100
206011107_1,144.946727,-37.767485,206011107,Brunswick West,Victoria,320,100
206011107_2,144.940906,-37.767868,206011107,Brunswick West,Victoria,320,100
206011107_3,144.942146,-37.767653,206011107,Brunswick West,Victoria,320,100
206011107_4,144.940066,-37.752937,206011107,Brunswick West,Victoria,320,100
206011109_1,144.933585,-37.747417,206011109,Pascoe Vale South,Victoria,115,100
206011109_2,144.935998,-37.739063,206011109,Pascoe Vale South,Victoria,115,100
206011495_1,144.966599,-37.764657,206011495,Brunswick - North,Victoria,376,100
206011495_2,144.969704,-37.758918,206011495,Brunswick - North,Victoria,376,100
206011495_3,144.96515,-37.765033,206011495,Brunswick - North,Victoria,376,100
206011495_4,144.969845,-37.759277,206011495,Brunswick - North,Victoria,376,100
206011496_1,144.955379,-37.775894,206011496,Brunswick - South,Victoria,288,100
206011496_2,144.965668,-37.769371,206011496,Brunswick - South,Victoria,288,100
206011496_3,144.964901,-37.774239,206011496,Brunswick - South,Victoria,288,100
206011497_1,144.975457,-37.752602,206011497,Coburg - East,Victoria,268,100
206011497_2,144.972055,-37.736078,206011497,Coburg - East,Victoria,268,100
206011497_3,144.963991,-37.753686,206011497,Coburg - East,Victoria,268,100
206011498_1,144.95381,-37.738755,206011498,Coburg - West,Victoria,204,100
206011498_2,144.960294,-37.738383,206011498,Coburg - West,Victoria,204,100
206011498_3,144.949737,-37.747759,206011498,Coburg - West,Victoria,204,100
206021110_1,145.029356,-37.779462,206021110,Alphington - Fairfield,Victoria,122,100
206021110_2,145.03051,-37.779972,206021110,Alphington - Fairfield,Victoria,122,100
206021112_1,144.998136,-37.756582,206021112,Thornbury,Victoria,236,100
206021112_2,145.001124,-37.762371,206021112,Thornbury,Victoria,236,100
206021112_3,145.002076,-37.757695,206021112,Thornbury,Victoria,236,100
206021499_1,145.002819,-37.777227,206021499,Northcote - East,Victoria,184,100
206021499_2,145.002105,-37.779046,206021499,Northcote - East,Victoria,184,100
206021500_1,144.990864,-37.779327,206021500,Northcote - West,Victoria,119,100
206021500_2,144.996689,-37.765166,206021500,Northcote - West,Victoria,119,100
206031113_1,144.911335,-37.771981,206031113,Ascot Vale,Victoria,230,100
206031113_2,144.905545,-37.77966,206031113,Ascot Vale,Victoria,230,100
206031113_3,144.898839,-37.777409,206031113,Ascot Vale,Victoria,230,100
206031115_1,144.932092,-37.78618,206031115,Flemington,Victoria,385,100
206031115_2,144.928329,-37.78672,206031115,Flemington,Victoria,385,100
206031115_3,144.92467,-37.782588,206031115,Flemington,Victoria,385,100
206031115_4,144.932515,-37.778688,206031115,Flemington,Victoria,385,100
206031116_1,144.916311,-37.764914,206031116,Moonee Ponds,Victoria,279,100
206031116_2,144.925533,-37.767467,206031116,Moonee Ponds,Victoria,279,100
206031116_3,144.9358,-37.76334,206031116,Moonee Ponds,Victoria,279,100
206031501_1,144.896879,-37.750122,206031501,Essendon (West) - Aberfeldie,Victoria,249,100
206031501_2,144.901681,-37.741445,206031501,Essendon (West) - Aberfeldie,Victoria,249,100
206031501_3,144.900958,-37.762652,206031501,Essendon (West) - Aberfeldie,Victoria,249,100
206031502_1,144.912144,-37.742273,206031502,Essendon - East,Victoria,228,100
206031502_2,144.929143,-37.754914,206031502,Essendon - East,Victoria,228,100
206031502_3,144.922124,-37.744368,206031502,Essendon - East,Victoria,228,100
206041117_1,144.973675,-37.797391,206041117,Carlton,Victoria,1787,100
206041117_2,144.969056,-37.795142,206041117,Carlton,Victoria,1787,100
206041117_3,144.972998,-37.800039,206041117,Carlton,Victoria,1787,100
206041117_4,144.961981,-37.802763,206041117,Carlton,Victoria,1787,100
206041117_5,144.970996,-37.796587,206041117,Carlton,Victoria,1787,100
206041117_6,144.970452,-37.804454,206041117,Carlton,Victoria,1787,100
206041117_7,144.96874,-37.798699,206041117,Carlton,Victoria,1787,100
206041117_8,144.960621,-37.800591,206041117,Carlton,Victoria,1787,100
206041117_9,144.96244,-37.800766,206041117,Carlton,Victoria,1787,100
206041117_10,144.970166,-37.798485,206041117,Carlton,Victoria,1787,100
206041117_11,144.964398,-37.8033,206041117,Carlton,Victoria,1787,100
206041117_12,144.9694,-37.796485,206041117,Carlton,Victoria,1787,100
206041117_13,144.968503,-37.800686,206041117,Carlton,Victoria,1787,100
206041117_14,144.958067,-37.802923,206041117,Carlton,Victoria,1787,100
206041117_15,144.96958,-37.792456,206041117,Carlton,Victoria,1787,100
206041117_16,144.96276,-37.80081,206041117,Carlton,Victoria,1787,100
206041117_17,144.970736,-37.799102,206041117,Carlton,Victoria,1787,100
206041117_18,144.967538,-37.803915,206041117,Carlton,Victoria,1787,100
206041118_1,144.943983,-37.819584,206041118,Docklands,Victoria,820,100
206041118_2,144.936114,-37.818612,206041118,Docklands,Victoria,820,100
206041118_3,144.939283,-37.817552,206041118,Docklands,Victoria,820,100
206041118_4,144.93647,-37.819847,206041118,Docklands,Victoria,820,100
206041118_5,144.943698,-37.816608,206041118,Docklands,Victoria,820,100
206041118_6,144.942501,-37.813526,206041118,Docklands,Victoria,820,100
206041118_7,144.938445,-37.819064,206041118,Docklands,Victoria,820,100
206041118_8,144.950969,-37.822071,206041118,Docklands,Victoria,820,100
206041118_9,144.948916,-37.819775,206041118,Docklands,Victoria,820,100
206041119_1,144.978015,-37.814226,206041119,East Melbourne,Victoria,101,100
206041119_2,144.983939,-37.81365,206041119,East Melbourne,Victoria,101,100
206041121_1,144.929125,-37.798541,206041121,Kensington (Vic.),Victoria,197,100
206041121_2,144.923982,-37.792277,206041121,Kensington (Vic.),Victoria,197,100
206041124_1,144.957975,-37.779216,206041124,Parkville,Victoria,310,100
206041124_2,144.939836,-37.776485,206041124,Parkville,Victoria,310,100
206041124_3,144.942598,-37.785013,206041124,Parkville,Victoria,310,100
206041124_4,144.950977,-37.789281,206041124,Parkville,Victoria,310,100
206041125_1,144.985521,-37.833962,206041125,South Yarra - West,Victoria,135,100
206041125_2,144.985906,-37.840094,206041125,South Yarra - West,Victoria,135,100
206041503_1,144.970473,-37.814265,206041503,Melbourne CBD - East,Victoria,814,100
206041503_2,144.96665,-37.815299,206041503,Melbourne CBD - East,Victoria,814,100
206041503_3,144.970891,-37.814592,206041503,Melbourne CBD - East,Victoria,814,100
206041503_4,144.966643,-37.814602,206041503,Melbourne CBD - East,Victoria,814,100
206041503_5,144.971577,-37.808805,206041503,Melbourne CBD - East,Victoria,814,100
206041503_6,144.968213,-37.811263,206041503,Melbourne CBD - East,Victoria,814,100
206041503_7,144.965106,-37.81785,206041503,Melbourne CBD - East,Victoria,814,100
206041503_8,144.971157,-37.808541,206041503,Melbourne CBD - East,Victoria,814,100
206041503_9,144.972091,-37.810299,206041503,Melbourne CBD - East,Victoria,814,100
206041504_1,144.960285,-37.810085,206041504,Melbourne CBD - North,Victoria,1305,100
206041504_2,144.959712,-37.809803,206041504,Melbourne CBD - North,Victoria,1305,100
206041504_3,144.964733,-37.807858,206041504,Melbourne CBD - North,Victoria,1305,100
206041504_4,144.96238,-37.809212,206041504,Melbourne CBD - North,Victoria,1305,100
206041504_5,144.960906,-37.812084,206041504,Melbourne CBD - North,Victoria,1305,100
206041504_6,144.956346,-37.806575,206041504,Melbourne CBD - North,Victoria,1305,100
206041504_7,144.960765,-37.810169,206041504,Melbourne CBD - North,Victoria,1305,100
206041504_8,144.964519,-37.809945,206041504,Melbourne CBD - North,Victoria,1305,100
206041504_9,144.958623,-37.807692,206041504,Melbourne CBD - North,Victoria,1305,100
206041504_10,144.960693,-37.812195,206041504,Melbourne CBD - North,Victoria,1305,100
206041504_11,144.95626,-37.811291,206041504,Melbourne CBD - North,Victoria,1305,100
206041504_12,144.960182,-37.809282,206041504,Melbourne CBD - North,Victoria,1305,100
206041504_13,144.96673,-37.810477,206041504,Melbourne CBD - North,Victoria,1305,100
206041504_14,144.959308,-37.8076,206041504,Melbourne CBD - North,Victoria,1305,100
206041505_1,144.954607,-37.813221,206041505,Melbourne CBD - West,Victoria,1126,100
206041505_2,144.962474,-37.817549,206041505,Melbourne CBD - West,Victoria,1126,100
206041505_3,144.955627,-37.812629,206041505,Melbourne CBD - West,Victoria,1126,100
206041505_4,144.955995,-37.813773,206041505,Melbourne CBD - West,Victoria,1126,100
206041505_5,144.965885,-37.819221,206041505,Melbourne CBD - West,Victoria,1126,100
206041505_6,144.959923,-37.818545,206041505,Melbourne CBD - West,Victoria,1126,100
206041505_7,144.957929,-37.815129,206041505,Melbourne CBD - West,Victoria,1126,100
206041505_8,144.953011,-37.815275,206041505,Melbourne CBD - West,Victoria,1126,100
206041505_9,144.95641,-37.813409,206041505,Melbourne CBD - West,Victoria,1126,100
206041505_10,144.95753,-37.820429,206041505,Melbourne CBD - West,Victoria,1126,100
206041505_11,144.960902,-37.816903,206041505,Melbourne CBD - West,Victoria,1126,100
206041505_12,144.960826,-37.812735,206041505,Melbourne CBD - West,Victoria,1126,100
206041506_1,144.952416,-37.798247,206041506,North Melbourne,Victoria,832,100
206041506_2,144.957446,-37.801926,206041506,North Melbourne,Victoria,832,100
206041506_3,144.944297,-37.800349,206041506,North Melbourne,Victoria,832,100
206041506_4,144.949257,-37.799899,206041506,North Melbourne,Victoria,832,100
206041506_5,144.951607,-37.803523,206041506,North Melbourne,Victoria,832,100
206041506_6,144.937211,-37.800009,206041506,North Melbourne,Victoria,832,100
206041506_7,144.939156,-37.80369,206041506,North Melbourne,Victoria,832,100
206041506_8,144.93869,-37.801503,206041506,North Melbourne,Victoria,832,100
206041506_9,144.936428,-37.801617,206041506,North Melbourne,Victoria,832,100
206041508_1,144.95552,-37.827496,206041508,Southbank (West) - South Wharf,Victoria,303,100
206041508_2,144.954137,-37.823954,206041508,Southbank (West) - South Wharf,Victoria,303,100
206041508_3,144.951065,-37.824437,206041508,Southbank (West) - South Wharf,Victoria,303,100
206041508_4,144.951128,-37.824735,206041508,Southbank (West) - South Wharf,Victoria,303,100
206041509_1,144.964279,-37.829066,206041509,Southbank - East,Victoria,596,100
206041509_2,144.969396,-37.822727,206041509,Southbank - East,Victoria,596,100
206041509_3,144.97033,-37.826633,206041509,Southbank - East,Victoria,596,100
206041509_4,144.965691,-37.824159,206041509,Southbank - East,Victoria,596,100
206041509_5,144.96049,-37.826967,206041509,Southbank - East,Victoria,596,100
206041509_6,144.970157,-37.829785,206041509,Southbank - East,Victoria,596,100
206041510_1,144.945934,-37.809673,206041510,West Melbourne - Residential,Victoria,321,100
206041510_2,144.945454,-37.805158,206041510,West Melbourne - Residential,Victoria,321,100
206041510_3,144.947887,-37.806758,206041510,West Melbourne - Residential,Victoria,321,100
206041510_4,144.951406,-37.812053,206041510,West Melbourne - Residential,Victoria,321,100
206051128_1,144.946252,-37.845304,206051128,Albert Park,Victoria,310,100
206051128_2,144.976201,-37.848035,206051128,Albert Park,Victoria,310,100
206051128_3,144.97395,-37.849347,206051128,Albert Park,Victoria,310,100
206051128_4,144.963869,-37.844459,206051128,Albert Park,Victoria,310,100
206051129_1,144.988751,-37.878298,206051129,Elwood,Victoria,287,100
206051129_2,144.98022,-37.879287,206051129,Elwood,Victoria,287,100
206051129_3,144.981444,-37.877481,206051129,Elwood,Victoria,287,100
206051130_1,144.91878,-37.838917,206051130,Port Melbourne,Victoria,270,100
206051130_2,144.941619,-37.841025,206051130,Port Melbourne,Victoria,270,100
206051130_3,144.925092,-37.837218,206051130,Port Melbourne,Victoria,270,100
206051134_1,144.996586,-37.869166,206051134,St Kilda East,Victoria,357,100
206051134_2,144.997468,-37.879105,206051134,St Kilda East,Victoria,357,100
206051134_3,144.998149,-37.871216,206051134,St Kilda East,Victoria,357,100
206051134_4,144.99464,-37.860885,206051134,St Kilda East,Victoria,357,100
206051511_1,144.935469,-37.828585,206051511,Port Melbourne Industrial,Victoria,42,100
206051512_1,144.967852,-37.831688,206051512,South Melbourne,Victoria,285,100
206051512_2,144.968181,-37.836339,206051512,South Melbourne,Victoria,285,100
206051512_3,144.96116,-37.832053,206051512,South Melbourne,Victoria,285,100
206051513_1,144.985758,-37.870922,206051513,St Kilda - Central,Victoria,444,100
206051513_2,144.988391,-37.865948,206051513,St Kilda - Central,Victoria,444,100
206051513_3,144.985732,-37.864829,206051513,St Kilda - Central,Victoria,444,100
206051513_4,144.990098,-37.86744,206051513,St Kilda - Central,Victoria,444,100
206051513_5,144.986984,-37.867598,206051513,St Kilda - Central,Victoria,444,100
206051514_1,144.975943,-37.854024,206051514,St Kilda - West,Victoria,482,100
206051514_2,144.970943,-37.853617,206051514,St Kilda - West,Victoria,482,100
206051514_3,144.974731,-37.863874,206051514,St Kilda - West,Victoria,482,100
206051514_4,144.975108,-37.854385,206051514,St Kilda - West,Victoria,482,100
206051514_5,144.977132,-37.874444,206051514,St Kilda - West,Victoria,482,100
206061135_1,145.027862,-37.859618,206061135,Armadale,Victoria,128,100
206061135_2,145.027346,-37.853702,206061135,Armadale,Victoria,128,100
206061136_1,144.994007,-37.85449,206061136,Prahran - Windsor,Victoria,495,100
206061136_2,145.010093,-37.853119,206061136,Prahran - Windsor,Victoria,495,100
206061136_3,145.008441,-37.854844,206061136,Prahran - Windsor,Victoria,495,100
206061136_4,145.00638,-37.85314,206061136,Prahran - Windsor,Victoria,495,100
206061136_5,145.000292,-37.855864,206061136,Prahran - Windsor,Victoria,495,100
206061138_1,145.021574,-37.832647,206061138,Toorak,Victoria,163,100
206061138_2,145.004571,-37.844343,206061138,Toorak,Victoria,163,100
206061515_1,144.993735,-37.839062,206061515,South Yarra - North,Victoria,458,100
206061515_2,144.987417,-37.837487,206061515,South Yarra - North,Victoria,458,100
206061515_3,144.995937,-37.834813,206061515,South Yarra - North,Victoria,458,100
206061515_4,145.004008,-37.839285,206061515,South Yarra - North,Victoria,458,100
206061515_5,145.001647,-37.837787,206061515,South Yarra - North,Victoria,458,100
206061516_1,144.994203,-37.846055,206061516,South Yarra - South,Victoria,311,100
206061516_2,144.996395,-37.84714,206061516,South Yarra - South,Victoria,311,100
206061516_3,144.99676,-37.843034,206061516,South Yarra - South,Victoria,311,100
206061516_4,144.988882,-37.845551,206061516,South Yarra - South,Victoria,311,100
206071139_1,144.992467,-37.804063,206071139,Abbotsford,Victoria,211,100
206071139_2,144.992912,-37.803337,206071139,Abbotsford,Victoria,211,100
206071139_3,145.005424,-37.810703,206071139,Abbotsford,Victoria,211,100
206071140_1,144.969845,-37.782288,206071140,Carlton North - Princes Hill,Victoria,156,100
206071140_2,144.965026,-37.784772,206071140,Carlton North - Princes Hill,Victoria,156,100
206071141_1,144.990087,-37.795804,206071141,Collingwood,Victoria,324,100
206071141_2,144.990019,-37.799624,206071141,Collingwood,Victoria,324,100
206071141_3,144.991874,-37.796168,206071141,Collingwood,Victoria,324,100
206071141_4,144.99015,-37.8085,206071141,Collingwood,Victoria,324,100
206071142_1,144.980375,-37.799372,206071142,Fitzroy,Victoria,337,100
206071142_2,144.979759,-37.804825,206071142,Fitzroy,Victoria,337,100
206071142_3,144.979273,-37.808042,206071142,Fitzroy,Victoria,337,100
206071142_4,144.982327,-37.804,206071142,Fitzroy,Victoria,337,100
206071143_1,144.977655,-37.792551,206071143,Fitzroy North,Victoria,198,100
206071143_2,144.979258,-37.791724,206071143,Fitzroy North,Victoria,198,100
206071145_1,145.029538,-37.786667,206071145,Clifton Hill - Alphington,Victoria,121,100
206071145_2,145.011677,-37.790299,206071145,Clifton Hill - Alphington,Victoria,121,100
206071517_1,145.005979,-37.819698,206071517,Richmond (South) - Cremorne,Victoria,293,100
206071517_2,144.997482,-37.829244,206071517,Richmond (South) - Cremorne,Victoria,293,100
206071517_3,145.000748,-37.825785,206071517,Richmond (South) - Cremorne,Victoria,293,100
206071518_1,145.002975,-37.811511,206071518,Richmond - North,Victoria,375,100
206071518_2,145.011107,-37.816412,206071518,Richmond - North,Victoria,375,100
206071518_3,144.999936,-37.813097,206071518,Richmond - North,Victoria,375,100
206071518_4,145.005945,-37.81718,206071518,Richmond - North,Victoria,375,100
207011146_1,145.076909,-37.870113,207011146,Ashburton (Vic.),Victoria,85,100
207011147_1,145.069907,-37.804995,207011147,Balwyn,Victoria,350,100
207011147_2,145.080905,-37.812612,207011147,Balwyn,Victoria,350,100
207011147_3,145.090691,-37.811267,207011147,Balwyn,Victoria,350,100
207011147_4,145.098414,-37.812193,207011147,Balwyn,Victoria,350,100
207011148_1,145.073597,-37.788697,207011148,Balwyn North,Victoria,428,100
207011148_2,145.103222,-37.793736,207011148,Balwyn North,Victoria,428,100
207011148_3,145.080036,-37.778268,207011148,Balwyn North,Victoria,428,100
207011148_4,145.086729,-37.797021,207011148,Balwyn North,Victoria,428,100
207011148_5,145.066849,-37.799163,207011148,Balwyn North,Victoria,428,100
207011149_1,145.086842,-37.840925,207011149,Camberwell,Victoria,290,100
207011149_2,145.064064,-37.8235,207011149,Camberwell,Victoria,290,100
207011149_3,145.063453,-37.842964,207011149,Camberwell,Victoria,290,100
207011150_1,145.072165,-37.853965,207011150,Glen Iris - East,Victoria,148,100
207011150_2,145.071353,-37.856539,207011150,Glen Iris - East,Victoria,148,100
207011152_1,145.053832,-37.825333,207011152,Hawthorn East,Victoria,300,100
207011152_2,145.055238,-37.821968,207011152,Hawthorn East,Victoria,300,100
207011152_3,145.053,-37.834134,207011152,Hawthorn East,Victoria,300,100
207011154_1,145.049173,-37.795328,207011154,Kew East,Victoria,83,100
207011155_1,145.074186,-37.826654,207011155,Surrey Hills (West) - Canterbury,Victoria,166,100
207011155_2,145.084363,-37.826311,207011155,Surrey Hills (West) - Canterbury,Victoria,166,100
207011519_1,145.0242,-37.817169,207011519,Hawthorn - North,Victoria,198,100
207011519_2,145.028087,-37.816705,207011519,Hawthorn - North,Victoria,198,100
207011520_1,145.027062,-37.833986,207011520,Hawthorn - South,Victoria,303,100
207011520_2,145.023618,-37.825844,207011520,Hawthorn - South,Victoria,303,100
207011520_3,145.033374,-37.823272,207011520,Hawthorn - South,Victoria,303,100
207011520_4,145.031924,-37.830445,207011520,Hawthorn - South,Victoria,303,100
207011521_1,145.048847,-37.805491,207011521,Kew - South,Victoria,153,100
207011521_2,145.034788,-37.806456,207011521,Kew - South,Victoria,153,100
207011522_1,145.022418,-37.803724,207011522,Kew - West,Victoria,202,100
207011522_2,145.03911,-37.800455,207011522,Kew - West,Victoria,202,100
207011522_3,145.002263,-37.798892,207011522,Kew - West,Victoria,202,100
207021156_1,145.085646,-37.773619,207021156,Bulleen,Victoria,142,100
207021156_2,145.084409,-37.755668,207021156,Bulleen,Victoria,142,100
207021157_1,145.134959,-37.793776,207021157,Doncaster,Victoria,713,100
207021157_2,145.109872,-37.785017,207021157,Doncaster,Victoria,713,100
207021157_3,145.103471,-37.787713,207021157,Doncaster,Victoria,713,100
207021157_4,145.113456,-37.786518,207021157,Doncaster,Victoria,713,100
207021157_5,145.120281,-37.791927,207021157,Doncaster,Victoria,713,100
207021157_6,145.113151,-37.782229,207021157,Doncaster,Victoria,713,100
207021157_7,145.114834,-37.785305,207021157,Doncaster,Victoria,713,100
207021157_8,145.105122,-37.786273,207021157,Doncaster,Victoria,713,100
207021159_1,145.14411,-37.768362,207021159,Templestowe,Victoria,240,100
207021159_2,145.149553,-37.74194,207021159,Templestowe,Victoria,240,100
207021159_3,145.150204,-37.766991,207021159,Templestowe,Victoria,240,100
207021160_1,145.105169,-37.756973,207021160,Templestowe Lower,Victoria,157,100
207021160_2,145.114832,-37.76172,207021160,Templestowe Lower,Victoria,157,100
207021424_1,145.182763,-37.773816,207021424,Doncaster East - North,Victoria,347,100
207021424_2,145.179752,-37.772573,207021424,Doncaster East - North,Victoria,347,100
207021424_3,145.175538,-37.76244,207021424,Doncaster East - North,Victoria,347,100
207021424_4,145.178557,-37.760655,207021424,Doncaster East - North,Victoria,347,100
207021425_1,145.149501,-37.785214,207021425,Doncaster East - South,Victoria,448,100
207021425_2,145.146474,-37.797758,207021425,Doncaster East - South,Victoria,448,100
207021425_3,145.1516,-37.793792,207021425,Doncaster East - South,Victoria,448,100
207021425_4,145.158917,-37.791371,207021425,Doncaster East - South,Victoria,448,100
207021425_5,145.154015,-37.787567,207021425,Doncaster East - South,Victoria,448,100
207031161_1,145.145406,-37.819973,207031161,Blackburn,Victoria,328,100
207031161_2,145.147423,-37.804884,207031161,Blackburn,Victoria,328,100
207031161_3,145.154581,-37.825506,207031161,Blackburn,Victoria,328,100
207031161_4,145.164221,-37.820022,207031161,Blackburn,Victoria,328,100
207031162_1,145.146505,-37.833386,207031162,Blackburn South,Victoria,124,100
207031162_2,145.149826,-37.833748,207031162,Blackburn South,Victoria,124,100
207031163_1,145.116467,-37.842292,207031163,Box Hill,Victoria,987,100
207031163_2,145.118987,-37.82417,207031163,Box Hill,Victoria,987,100
207031163_3,145.127022,-37.841781,207031163,Box Hill,Victoria,987,100
207031163_4,145.12255,-37.835804,207031163,Box Hill,Victoria,987,100
207031163_5,145.12933,-37.845116,207031163,Box Hill,Victoria,987,100
207031163_6,145.12814,-37.840989,207031163,Box Hill,Victoria,987,100
207031163_7,145.11864,-37.827531,207031163,Box Hill,Victoria,987,100
207031163_8,145.124843,-37.829873,207031163,Box Hill,Victoria,987,100
207031163_9,145.126606,-37.820862,207031163,Box Hill,Victoria,987,100
207031163_10,145.123631,-37.819508,207031163,Box Hill,Victoria,987,100
207031164_1,145.126973,-37.800472,207031164,Box Hill North,Victoria,447,100
207031164_2,145.121117,-37.804342,207031164,Box Hill North,Victoria,447,100
207031164_3,145.10899,-37.797334,207031164,Box Hill North,Victoria,447,100
207031164_4,145.130325,-37.809178,207031164,Box Hill North,Victoria,447,100
207031164_5,145.10771,-37.795947,207031164,Box Hill North,Victoria,447,100
207031165_1,145.117602,-37.851864,207031165,Burwood (Vic.),Victoria,687,100
207031165_2,145.102055,-37.852233,207031165,Burwood (Vic.),Victoria,687,100
207031165_3,145.121025,-37.850322,207031165,Burwood (Vic.),Victoria,687,100
207031165_4,145.101659,-37.849507,207031165,Burwood (Vic.),Victoria,687,100
207031165_5,145.107812,-37.839259,207031165,Burwood (Vic.),Victoria,687,100
207031165_6,145.099116,-37.852867,207031165,Burwood (Vic.),Victoria,687,100
207031165_7,145.099614,-37.849965,207031165,Burwood (Vic.),Victoria,687,100
207031166_1,145.158134,-37.852893,207031166,Burwood East,Victoria,339,100
207031166_2,145.167545,-37.860743,207031166,Burwood East,Victoria,339,100
207031166_3,145.143564,-37.857001,207031166,Burwood East,Victoria,339,100
207031166_4,145.160891,-37.851276,207031166,Burwood East,Victoria,339,100
207031167_1,145.099516,-37.835395,207031167,Surrey Hills (East) - Mont Albert,Victoria,141,100
207031167_2,145.107824,-37.829894,207031167,Surrey Hills (East) - Mont Albert,Victoria,141,100
208011168_1,145.046538,-37.975492,208011168,Beaumaris,Victoria,117,100
208011168_2,145.036562,-37.972199,208011168,Beaumaris,Victoria,117,100
208011169_1,144.998736,-37.922006,208011169,Brighton (Vic.),Victoria,315,100
208011169_2,145.003618,-37.911585,208011169,Brighton (Vic.),Victoria,315,100
208011169_3,144.995738,-37.894156,208011169,Brighton (Vic.),Victoria,315,100
208011169_4,144.998929,-37.891285,208011169,Brighton (Vic.),Victoria,315,100
208011170_1,145.024846,-37.930814,208011170,Brighton East,Victoria,204,100
208011170_2,145.008622,-37.904112,208011170,Brighton East,Victoria,204,100
208011170_3,145.015437,-37.917284,208011170,Brighton East,Victoria,204,100
208011171_1,145.039565,-37.952244,208011171,Highett (West) - Cheltenham,Victoria,133,100
208011171_2,145.035958,-37.960612,208011171,Highett (West) - Cheltenham,Victoria,133,100
208011172_1,145.014079,-37.938796,208011172,Hampton,Victoria,234,100
208011172_2,145.013352,-37.936708,208011172,Hampton,Victoria,234,100
208011172_3,144.994665,-37.930748,208011172,Hampton,Victoria,234,100
208011173_1,145.024365,-37.98087,208011173,Sandringham - Black Rock,Victoria,179,100
208011173_2,145.015538,-37.972734,208011173,Sandringham - Black Rock,Victoria,179,100
208021174_1,145.046514,-37.932371,208021174,Bentleigh - McKinnon,Victoria,408,100
208021174_2,145.045735,-37.913419,208021174,Bentleigh - McKinnon,Victoria,408,100
208021174_3,145.04643,-37.929779,208021174,Bentleigh - McKinnon,Victoria,408,100
208021174_4,145.030566,-37.907705,208021174,Bentleigh - McKinnon,Victoria,408,100
208021174_5,145.041141,-37.912909,208021174,Bentleigh - McKinnon,Victoria,408,100
208021176_1,145.058318,-37.885824,208021176,Carnegie,Victoria,584,100
208021176_2,145.046658,-37.898508,208021176,Carnegie,Victoria,584,100
208021176_3,145.055442,-37.895,208021176,Carnegie,Victoria,584,100
208021176_4,145.056114,-37.891917,208021176,Carnegie,Victoria,584,100
208021176_5,145.052873,-37.891709,208021176,Carnegie,Victoria,584,100
208021176_6,145.048898,-37.89485,208021176,Carnegie,Victoria,584,100
208021177_1,145.034518,-37.87849,208021177,Caulfield - North,Victoria,381,100
208021177_2,145.02556,-37.878843,208021177,Caulfield - North,Victoria,381,100
208021177_3,145.000901,-37.873311,208021177,Caulfield - North,Victoria,381,100
208021177_4,145.018775,-37.873498,208021177,Caulfield - North,Victoria,381,100
208021178_1,145.033485,-37.898174,208021178,Caulfield - South,Victoria,273,100
208021178_2,145.017088,-37.896145,208021178,Caulfield - South,Victoria,273,100
208021178_3,145.020702,-37.88485,208021178,Caulfield - South,Victoria,273,100
208021179_1,145.010257,-37.878798,208021179,Elsternwick,Victoria,176,100
208021179_2,145.007257,-37.881041,208021179,Elsternwick,Victoria,176,100
208021180_1,145.07464,-37.907337,208021180,Hughesdale,Victoria,163,100
208021180_2,145.075448,-37.902959,208021180,Hughesdale,Victoria,163,100
208021181_1,145.065515,-37.900975,208021181,Murrumbeena,Victoria,189,100
208021181_2,145.072811,-37.89359,208021181,Murrumbeena,Victoria,189,100
208021182_1,145.045327,-37.906284,208021182,Ormond - Glen Huntly,Victoria,492,100
208021182_2,145.04259,-37.891865,208021182,Ormond - Glen Huntly,Victoria,492,100
208021182_3,145.048838,-37.902355,208021182,Ormond - Glen Huntly,Victoria,492,100
208021182_4,145.036886,-37.894655,208021182,Ormond - Glen Huntly,Victoria,492,100
208021182_5,145.037333,-37.907298,208021182,Ormond - Glen Huntly,Victoria,492,100
208021426_1,145.066024,-37.907813,208021426,Bentleigh East - North,Victoria,216,100
208021426_2,145.056043,-37.914365,208021426,Bentleigh East - North,Victoria,216,100
208021426_3,145.053428,-37.91365,208021426,Bentleigh East - North,Victoria,216,100
208021427_1,145.070863,-37.924196,208021427,Bentleigh East - South,Victoria,157,100
208021427_2,145.077735,-37.935117,208021427,Bentleigh East - South,Victoria,157,100
208031183_1,145.11532,-38.016153,208031183,Aspendale Gardens - Waterways,Victoria,89,100
208031185_1,145.132056,-38.078865,208031185,Carrum - Patterson Lakes,Victoria,92,100
208031186_1,145.131992,-38.054042,208031186,Chelsea - Bonbeach,Victoria,125,100
208031186_2,145.124534,-38.069073,208031186,Chelsea - Bonbeach,Victoria,125,100
208031187_1,145.13239,-38.043961,208031187,Chelsea Heights,Victoria,29,100
208031188_1,145.071072,-37.955703,208031188,Highett (East) - Cheltenham,Victoria,332,100
208031188_2,145.057705,-37.954187,208031188,Highett (East) - Cheltenham,Victoria,332,100
208031188_3,145.058169,-37.964524,208031188,Highett (East) - Cheltenham,Victoria,332,100
208031188_4,145.056638,-37.951207,208031188,Highett (East) - Cheltenham,Victoria,332,100
208031189_1,145.09358,-38.011229,208031189,Edithvale - Aspendale,Victoria,108,100
208031189_2,145.102071,-38.022693,208031189,Edithvale - Aspendale,Victoria,108,100
208031190_1,145.089641,-37.982874,208031190,Mentone,Victoria,213,100
208031190_2,145.062705,-37.974876,208031190,Mentone,Victoria,213,100
208031190_3,145.079039,-37.983197,208031190,Mentone,Victoria,213,100
208031191_1,145.085933,-37.942422,208031191,Moorabbin - Heatherton,Victoria,173,100
208031191_2,145.085221,-37.948598,208031191,Moorabbin - Heatherton,Victoria,173,100
208031193_1,145.086095,-37.992436,208031193,Mordialloc - Parkdale,Victoria,294,100
208031193_2,145.080635,-37.987131,208031193,Mordialloc - Parkdale,Victoria,294,100
208031193_3,145.071038,-37.995075,208031193,Mordialloc - Parkdale,Victoria,294,100
208041194_1,145.04033,-37.850212,208041194,Malvern - Glen Iris,Victoria,256,100
208041194_2,145.055605,-37.858031,208041194,Malvern - Glen Iris,Victoria,256,100
208041194_3,145.03784,-37.856078,208041194,Malvern - Glen Iris,Victoria,256,100
208041195_1,145.059733,-37.874297,208041195,Malvern East,Victoria,453,100
208041195_2,145.067269,-37.883461,208041195,Malvern East,Victoria,453,100
208041195_3,145.066416,-37.878635,208041195,Malvern East,Victoria,453,100
208041195_4,145.065124,-37.87121,208041195,Malvern East,Victoria,453,100
208041195_5,145.086484,-37.878698,208041195,Malvern East,Victoria,453,100
209011196_1,145.067732,-37.693551,209011196,Bundoora - East,Victoria,181,100
209011196_2,145.061989,-37.705305,209011196,Bundoora - East,Victoria,181,100
209011197_1,145.102421,-37.713532,209011197,Greensborough,Victoria,158,100
209011197_2,145.122435,-37.701031,209011197,Greensborough,Victoria,158,100
209011198_1,145.065516,-37.755679,209011198,Heidelberg - Rosanna,Victoria,225,100
209011198_2,145.070235,-37.747277,209011198,Heidelberg - Rosanna,Victoria,225,100
209011198_3,145.0799,-37.737185,209011198,Heidelberg - Rosanna,Victoria,225,100
209011199_1,145.047215,-37.752445,209011199,Heidelberg West,Victoria,229,100
209011199_2,145.035368,-37.755925,209011199,Heidelberg West,Victoria,229,100
209011199_3,145.053881,-37.756626,209011199,Heidelberg West,Victoria,229,100
209011200_1,145.040031,-37.759268,209011200,Ivanhoe,Victoria,152,100
209011200_2,145.048773,-37.763442,209011200,Ivanhoe,Victoria,152,100
209011201_1,145.061027,-37.764696,209011201,Ivanhoe East - Eaglemont,Victoria,65,100
209011202_1,145.126111,-37.721913,209011202,Montmorency - Briar Hill,Victoria,105,100
209011202_2,145.10875,-37.726638,209011202,Montmorency - Briar Hill,Victoria,105,100
209011203_1,145.07732,-37.729577,209011203,Viewbank - Yallambie,Victoria,204,100
209011203_2,145.07808,-37.729993,209011203,Viewbank - Yallambie,Victoria,204,100
209011203_3,145.08896,-37.738294,209011203,Viewbank - Yallambie,Victoria,204,100
209011204_1,145.091289,-37.711896,209011204,Watsonia,Victoria,66,100
209021205_1,145.037798,-37.712244,209021205,Kingsbury,Victoria,571,100
209021205_2,145.049282,-37.723071,209021205,Kingsbury,Victoria,571,100
209021205_3,145.055739,-37.709032,209021205,Kingsbury,Victoria,571,100
209021205_4,145.054198,-37.717845,209021205,Kingsbury,Victoria,571,100
209021205_5,145.057584,-37.720213,209021205,Kingsbury,Victoria,571,100
209021205_6,145.038827,-37.719265,209021205,Kingsbury,Victoria,571,100
209021428_1,145.013434,-37.743921,209021428,Preston - East,Victoria,574,100
209021428_2,145.002964,-37.74575,209021428,Preston - East,Victoria,574,100
209021428_3,145.01843,-37.746812,209021428,Preston - East,Victoria,574,100
209021428_4,145.006582,-37.749925,209021428,Preston - East,Victoria,574,100
209021428_5,145.015843,-37.745148,209021428,Preston - East,Victoria,574,100
209021428_6,145.007609,-37.736132,209021428,Preston - East,Victoria,574,100
209021429_1,144.986439,-37.73189,209021429,Preston - West,Victoria,225,100
209021429_2,144.992764,-37.73728,209021429,Preston - West,Victoria,225,100
209021429_3,144.985476,-37.735784,209021429,Preston - West,Victoria,225,100
209021523_1,145.009856,-37.70964,209021523,Reservoir - North East,Victoria,338,100
209021523_2,145.019379,-37.703842,209021523,Reservoir - North East,Victoria,338,100
209021523_3,145.02247,-37.700581,209021523,Reservoir - North East,Victoria,338,100
209021523_4,145.012943,-37.702431,209021523,Reservoir - North East,Victoria,338,100
209021524_1,144.991119,-37.702551,209021524,Reservoir - North West,Victoria,109,100
209021524_2,144.99563,-37.7,209021524,Reservoir - North West,Victoria,109,100
209021525_1,145.019312,-37.720111,209021525,Reservoir - South East,Victoria,272,100
209021525_2,145.025845,-37.722495,209021525,Reservoir - South East,Victoria,272,100
209021525_3,145.020858,-37.725926,209021525,Reservoir - South East,Victoria,272,100
209021526_1,145.000687,-37.716268,209021526,Reservoir - South West,Victoria,334,100
209021526_2,144.985841,-37.7085,209021526,Reservoir - South West,Victoria,334,100
209021526_3,144.996069,-37.722197,209021526,Reservoir - South West,Victoria,334,100
209021526_4,144.98935,-37.709245,209021526,Reservoir - South West,Victoria,334,100
209031209_1,145.142406,-37.704182,209031209,Eltham,Victoria,159,100
209031209_2,145.188728,-37.723243,209031209,Eltham,Victoria,159,100
209031210_1,145.216266,-37.648661,209031210,Hurstbridge,Victoria,11,100
209031211_1,145.233537,-37.468985,209031211,Kinglake,Victoria,1,100
209031212_1,145.211751,-37.529842,209031212,Panton Hill - St Andrews,Victoria,24,100
209031213_1,145.086997,-37.680133,209031213,Plenty - Yarrambat,Victoria,48,100
209031214_1,145.181519,-37.712844,209031214,Research - North Warrandyte,Victoria,42,100
209031215_1,145.188501,-37.660332,209031215,Wattle Glen - Diamond Creek,Victoria,54,100
209041216_1,145.099017,-37.685929,209041216,Bundoora - North,Victoria,213,100
209041216_2,145.06198,-37.680172,209041216,Bundoora - North,Victoria,213,100
209041216_3,145.049027,-37.678037,209041216,Bundoora - North,Victoria,213,100
209041217_1,145.060629,-37.690749,209041217,Bundoora - West,Victoria,182,100
209041217_2,145.059067,-37.68765,209041217,Bundoora - West,Victoria,182,100
209041220_1,145.088063,-37.666715,209041220,Mill Park - North,Victoria,197,100
209041220_2,145.059474,-37.66007,209041220,Mill Park - North,Victoria,197,100
209041221_1,145.046321,-37.669883,209041221,Mill Park - South,Victoria,136,100
209041221_2,145.069361,-37.678683,209041221,Mill Park - South,Victoria,136,100
209041223_1,144.992315,-37.672569,209041223,Thomastown,Victoria,366,100
209041223_2,145.010835,-37.684126,209041223,Thomastown,Victoria,366,100
209041223_3,144.988503,-37.677993,209041223,Thomastown,Victoria,366,100
209041223_4,145.026774,-37.681956,209041223,Thomastown,Victoria,366,100
209041224_1,145.1248,-37.397937,209041224,Wallan,Victoria,89,100
209041225_1,145.01322,-37.528548,209041225,Whittlesea,Victoria,53,100
209041431_1,145.033601,-37.635629,209041431,Epping - East,Victoria,194,100
209041431_2,145.029479,-37.624944,209041431,Epping - East,Victoria,194,100
209041432_1,144.968483,-37.632809,209041432,Epping - South,Victoria,171,100
209041432_2,145.024885,-37.652925,209041432,Epping - South,Victoria,171,100
209041433_1,145.006426,-37.638423,209041433,Epping (Vic.) - West,Victoria,203,100
209041433_2,145.000147,-37.638333,209041433,Epping (Vic.) - West,Victoria,203,100
209041433_3,145.01347,-37.633695,209041433,Epping (Vic.) - West,Victoria,203,100
209041435_1,145.049299,-37.610433,209041435,South Morang - North,Victoria,117,100
209041435_2,145.045737,-37.62074,209041435,South Morang - North,Victoria,117,100
209041436_1,145.071745,-37.649363,209041436,South Morang - South,Victoria,141,100
209041436_2,145.090807,-37.644979,209041436,South Morang - South,Victoria,141,100
209041437_1,144.985005,-37.593211,209041437,Wollert,Victoria,300,100
209041437_2,145.000846,-37.583241,209041437,Wollert,Victoria,300,100
209041437_3,145.036438,-37.56531,209041437,Wollert,Victoria,300,100
209041527_1,145.12677,-37.600601,209041527,Doreen - North,Victoria,112,100
209041527_2,145.136242,-37.595472,209041527,Doreen - North,Victoria,112,100
209041528_1,145.114963,-37.604295,209041528,Doreen - South,Victoria,57,100
209041529_1,145.024579,-37.674508,209041529,Lalor - East,Victoria,201,100
209041529_2,145.021807,-37.667251,209041529,Lalor - East,Victoria,201,100
209041529_3,145.020251,-37.663702,209041529,Lalor - East,Victoria,201,100
209041530_1,145.005436,-37.671661,209041530,Lalor - West,Victoria,182,100
209041530_2,145.013219,-37.662107,209041530,Lalor - West,Victoria,182,100
209041531_1,145.07344,-37.568681,209041531,Mernda - North,Victoria,107,100
209041531_2,145.061952,-37.569967,209041531,Mernda - North,Victoria,107,100
209041532_1,145.093157,-37.611806,209041532,Mernda - South,Victoria,145,100
209041532_2,145.085389,-37.612199,209041532,Mernda - South,Victoria,145,100
210011226_1,144.883745,-37.728453,210011226,Airport West,Victoria,69,100
210011228_1,144.854109,-37.708543,210011228,Keilor,Victoria,40,100
210011230_1,144.877573,-37.736382,210011230,Niddrie - Essendon West,Victoria,81,100
210011231_1,144.924302,-37.736424,210011231,Strathmore,Victoria,78,100
210011533_1,144.861781,-37.769696,210011533,Avondale Heights,Victoria,133,100
210011533_2,144.864274,-37.759567,210011533,Avondale Heights,Victoria,133,100
210011534_1,144.856509,-37.743405,210011534,Keilor East,Victoria,105,100
210011534_2,144.859307,-37.742241,210011534,Keilor East,Victoria,105,100
210021232_1,144.633483,-37.560361,210021232,Gisborne,Victoria,65,100
210021233_1,144.56515,-37.443227,210021233,Macedon,Victoria,12,100
210021234_1,144.71673,-37.442123,210021234,Riddells Creek,Victoria,19,100
210021235_1,144.801322,-37.382248,210021235,Romsey,Victoria,36,100
210031236_1,144.955026,-37.721253,210031236,Coburg North,Victoria,130,100
210031236_2,144.959323,-37.730292,210031236,Coburg North,Victoria,130,100
210031237_1,144.975137,-37.707253,210031237,Fawkner,Victoria,327,100
210031237_2,144.975906,-37.698298,210031237,Fawkner,Victoria,327,100
210031237_3,144.962472,-37.697574,210031237,Fawkner,Victoria,327,100
210031237_4,144.978892,-37.70772,210031237,Fawkner,Victoria,327,100
210031439_1,144.891362,-37.705431,210031439,Gowanbrae,Victoria,19,100
210031440_1,144.95823,-37.707516,210031440,Hadfield,Victoria,60,100
210031535_1,144.925818,-37.701095,210031535,Glenroy - East,Victoria,336,100
210031535_2,144.930846,-37.714318,210031535,Glenroy - East,Victoria,336,100
210031535_3,144.94216,-37.694423,210031535,Glenroy - East,Victoria,336,100
210031535_4,144.920197,-37.705001,210031535,Glenroy - East,Victoria,336,100
210031536_1,144.902712,-37.70775,210031536,Glenroy - West,Victoria,271,100
210031536_2,144.903564,-37.708893,210031536,Glenroy - West,Victoria,271,100
210031536_3,144.911399,-37.704973,210031536,Glenroy - West,Victoria,271,100
210031537_1,144.908544,-37.715569,210031537,Oak Park,Victoria,161,100
210031537_2,144.91858,-37.716495,210031537,Oak Park,Victoria,161,100
210031538_1,144.937548,-37.729516,210031538,Pascoe Vale,Victoria,288,100
210031538_2,144.938842,-37.715112,210031538,Pascoe Vale,Victoria,288,100
210031538_3,144.93703,-37.726954,210031538,Pascoe Vale,Victoria,288,100
210041240_1,144.705455,-37.519818,210041240,Sunbury,Victoria,56,100
210041539_1,144.697805,-37.611853,210041539,Diggers Rest,Victoria,20,100
210041540_1,144.712358,-37.60791,210041540,Sunbury - South,Victoria,88,100
210041541_1,144.656688,-37.506124,210041541,Sunbury - West,Victoria,50,100
210051242_1,144.920076,-37.682312,210051242,Broadmeadows,Victoria,369,100
210051242_2,144.951421,-37.681486,210051242,Broadmeadows,Victoria,369,100
210051242_3,144.918657,-37.68507,210051242,Broadmeadows,Victoria,369,100
210051242_4,144.926602,-37.692354,210051242,Broadmeadows,Victoria,369,100
210051243_1,144.944657,-37.651328,210051243,Campbellfield - Coolaroo,Victoria,292,100
210051243_2,144.961327,-37.664887,210051243,Campbellfield - Coolaroo,Victoria,292,100
210051243_3,144.975952,-37.657215,210051243,Campbellfield - Coolaroo,Victoria,292,100
210051245_1,144.897912,-37.695559,210051245,Gladstone Park - Westmeadows,Victoria,170,100
210051245_2,144.891424,-37.665189,210051245,Gladstone Park - Westmeadows,Victoria,170,100
210051246_1,144.789317,-37.616516,210051246,Greenvale - Bulla,Victoria,154,100
210051246_2,144.832824,-37.557916,210051246,Greenvale - Bulla,Victoria,154,100
210051247_1,144.916512,-37.661673,210051247,Meadow Heights,Victoria,241,100
210051247_2,144.92362,-37.651698,210051247,Meadow Heights,Victoria,241,100
210051247_3,144.908823,-37.658511,210051247,Meadow Heights,Victoria,241,100
210051250_1,144.886607,-37.702263,210051250,Tullamarine,Victoria,96,100
210051441_1,144.920607,-37.595662,210051441,Craigieburn - Central,Victoria,173,100
210051441_2,144.924525,-37.59295,210051441,Craigieburn - Central,Victoria,173,100
210051442_1,144.930249,-37.580632,210051442,Craigieburn - North,Victoria,221,100
210051442_2,144.957372,-37.565634,210051442,Craigieburn - North,Victoria,221,100
210051442_3,144.940116,-37.575146,210051442,Craigieburn - North,Victoria,221,100
210051443_1,144.945283,-37.61165,210051443,Craigieburn - South,Victoria,368,100
210051443_2,144.881908,-37.594644,210051443,Craigieburn - South,Victoria,368,100
210051443_3,144.913269,-37.603472,210051443,Craigieburn - South,Victoria,368,100
210051443_4,144.942065,-37.60193,210051443,Craigieburn - South,Victoria,368,100
210051445_1,144.882702,-37.518425,210051445,Mickleham - Yuroke,Victoria,167,100
210051445_2,144.93625,-37.534795,210051445,Mickleham - Yuroke,Victoria,167,100
210051542_1,144.905658,-37.568334,210051542,Craigieburn - North West,Victoria,214,100
210051542_2,144.909214,-37.568731,210051542,Craigieburn - North West,Victoria,214,100
210051542_3,144.911869,-37.568326,210051542,Craigieburn - North West,Victoria,214,100
210051543_1,144.914722,-37.593858,210051543,Craigieburn - West,Victoria,306,100
210051543_2,144.900523,-37.581335,210051543,Craigieburn - West,Victoria,306,100
210051543_3,144.896982,-37.5884,210051543,Craigieburn - West,Victoria,306,100
210051543_4,144.917673,-37.587715,210051543,Craigieburn - West,Victoria,306,100
210051544_1,144.961249,-37.63745,210051544,Roxburgh Park (South) - Somerton,Victoria,197,100
210051544_2,144.948036,-37.640162,210051544,Roxburgh Park (South) - Somerton,Victoria,197,100
210051545_1,144.916062,-37.622112,210051545,Roxburgh Park - North,Victoria,208,100
210051545_2,144.919791,-37.621347,210051545,Roxburgh Park - North,Victoria,208,100
210051545_3,144.92088,-37.625223,210051545,Roxburgh Park - North,Victoria,208,100
211011251_1,145.277035,-37.852221,211011251,Bayswater,Victoria,170,100
211011251_2,145.284974,-37.846005,211011251,Bayswater,Victoria,170,100
211011254_1,145.254145,-37.900705,211011254,Knoxfield - Scoresby,Victoria,176,100
211011254_2,145.232171,-37.901251,211011254,Knoxfield - Scoresby,Victoria,176,100
211011255_1,145.293294,-37.950644,211011255,Lysterfield,Victoria,37,100
211011256_1,145.22879,-37.910845,211011256,Rowville - Central,Victoria,141,100
211011256_2,145.231305,-37.913841,211011256,Rowville - Central,Victoria,141,100
211011257_1,145.237238,-37.908431,211011257,Rowville - North,Victoria,74,100
211011258_1,145.265949,-37.941969,211011258,Rowville - South,Victoria,81,100
211011259_1,145.217895,-37.85714,211011259,Wantirna,Victoria,201,100
211011259_2,145.236544,-37.85942,211011259,Wantirna,Victoria,201,100
211011259_3,145.244149,-37.849095,211011259,Wantirna,Victoria,201,100
211011260_1,145.242867,-37.881101,211011260,Wantirna South,Victoria,268,100
211011260_2,145.220026,-37.8826,211011260,Wantirna South,Victoria,268,100
211011260_3,145.245812,-37.864987,211011260,Wantirna South,Victoria,268,100
211011446_1,145.296654,-37.846659,211011446,Boronia,Victoria,189,100
211011446_2,145.290233,-37.836825,211011446,Boronia,Victoria,189,100
211011447_1,145.265588,-37.870894,211011447,Ferntree Gully - North,Victoria,83,100
211011448_1,145.305249,-37.902084,211011448,Ferntree Gully (South) - Upper Ferntree Gully,Victoria,84,100
211011449_1,145.322477,-37.856459,211011449,The Basin,Victoria,9,100
211021261_1,145.188735,-37.794999,211021261,Donvale - Park Orchards,Victoria,137,100
211021261_2,145.200367,-37.785281,211021261,Donvale - Park Orchards,Victoria,137,100
211021262_1,145.193992,-37.761558,211021262,Warrandyte - Wonga Park,Victoria,58,100
211031263_1,145.287904,-37.829392,211031263,Bayswater North,Victoria,69,100
211031265_1,145.257702,-37.774906,211031265,Croydon Hills - Warranwood,Victoria,114,100
211031265_2,145.290716,-37.775002,211031265,Croydon Hills - Warranwood,Victoria,114,100
211031266_1,145.21934,-37.824327,211031266,Ringwood,Victoria,314,100
211031266_2,145.234605,-37.8199,211031266,Ringwood,Victoria,314,100
211031266_3,145.215228,-37.826105,211031266,Ringwood,Victoria,314,100
211031266_4,145.232719,-37.812031,211031266,Ringwood,Victoria,314,100
211031267_1,145.229871,-37.827276,211031267,Ringwood East,Victoria,260,100
211031267_2,145.260582,-37.806371,211031267,Ringwood East,Victoria,260,100
211031267_3,145.261038,-37.807155,211031267,Ringwood East,Victoria,260,100
211031268_1,145.239626,-37.785348,211031268,Ringwood North,Victoria,78,100
211031450_1,145.288953,-37.793939,211031450,Croydon - East,Victoria,159,100
211031450_2,145.274808,-37.801447,211031450,Croydon - East,Victoria,159,100
211031451_1,145.280328,-37.783838,211031451,Croydon - West,Victoria,132,100
211031451_2,145.274341,-37.787108,211031451,Croydon - West,Victoria,132,100
211031452_1,145.261933,-37.812476,211031452,Croydon South,Victoria,42,100
211041269_1,145.170251,-37.840739,211041269,Forest Hill,Victoria,198,100
211041269_2,145.170481,-37.844006,211041269,Forest Hill,Victoria,198,100
211041270_1,145.209717,-37.818099,211041270,Mitcham (Vic.),Victoria,232,100
211041270_2,145.199866,-37.81416,211041270,Mitcham (Vic.),Victoria,232,100
211041270_3,145.194729,-37.824416,211041270,Mitcham (Vic.),Victoria,232,100
211041271_1,145.18469,-37.821493,211041271,Nunawading,Victoria,242,100
211041271_2,145.168026,-37.821613,211041271,Nunawading,Victoria,242,100
211041271_3,145.17613,-37.804484,211041271,Nunawading,Victoria,242,100
211041272_1,145.20977,-37.84009,211041272,Vermont,Victoria,180,100
211041272_2,145.203716,-37.842985,211041272,Vermont,Victoria,180,100
211041273_1,145.19544,-37.861202,211041273,Vermont South,Victoria,202,100
211041273_2,145.173773,-37.846046,211041273,Vermont South,Victoria,202,100
211041273_3,145.183254,-37.860313,211041273,Vermont South,Victoria,202,100
211051274_1,145.361882,-37.97066,211051274,Belgrave - Selby,Victoria,52,100
211051275_1,145.30643,-37.745958,211051275,Chirnside Park,Victoria,75,100
211051276_1,145.542519,-37.6178,211051276,Healesville - Yarra Glen,Victoria,51,100
211051277_1,145.322827,-37.83466,211051277,Kilsyth,Victoria,40,100
211051278_1,145.402106,-37.744228,211051278,Lilydale - Coldstream,Victoria,80,100
211051279_1,145.469787,-37.905618,211051279,Monbulk - Silvan,Victoria,29,100
211051280_1,145.361999,-37.812542,211051280,Montrose,Victoria,28,100
211051281_1,145.311546,-37.791339,211051281,Mooroolbark,Victoria,137,100
211051281_2,145.344595,-37.793689,211051281,Mooroolbark,Victoria,137,100
211051282_1,145.349554,-37.895404,211051282,Mount Dandenong - Olinda,Victoria,59,100
211051283_1,145.410809,-37.801757,211051283,Mount Evelyn,Victoria,40,100
211051284_1,145.34555,-37.894281,211051284,Upwey - Tecoma,Victoria,58,100
211051285_1,145.480753,-37.788362,211051285,Wandin - Seville,Victoria,20,100
211051286_1,145.819873,-37.78936,211051286,Yarra Valley,Victoria,45,100
212011289_1,145.416381,-37.934717,212011289,Emerald - Cockatoo,Victoria,62,100
212011546_1,145.400659,-38.02564,212011546,Beaconsfield - Officer,Victoria,158,100
212011546_2,145.382494,-38.041975,212011546,Beaconsfield - Officer,Victoria,158,100
212011547_1,145.625621,-38.022471,212011547,Bunyip - Garfield,Victoria,25,100
212011548_1,145.592943,-38.251147,212011548,Koo Wee Rup,Victoria,29,100
212011549_1,145.490616,-38.054338,212011549,Pakenham - North East,Victoria,87,100
212011550_1,145.454491,-38.049181,212011550,Pakenham - North West,Victoria,53,100
212011551_1,145.49266,-38.079646,212011551,Pakenham - South East,Victoria,52,100
212011552_1,145.453027,-38.096874,212011552,Pakenham - South West,Victoria,265,100
212011552_2,145.453536,-38.069143,212011552,Pakenham - South West,Victoria,265,100
212011552_3,145.458795,-38.080847,212011552,Pakenham - South West,Victoria,265,100
212021293_1,145.331038,-38.03733,212021293,Berwick - North,Victoria,240,100
212021293_2,145.359928,-38.013175,212021293,Berwick - North,Victoria,240,100
212021293_3,145.328912,-38.01796,212021293,Berwick - North,Victoria,240,100
212021295_1,145.234552,-37.996635,212021295,Doveton,Victoria,242,100
212021295_2,145.235759,-37.974928,212021295,Doveton,Victoria,242,100
212021295_3,145.238754,-37.994286,212021295,Doveton,Victoria,242,100
212021297_1,145.276908,-38.012201,212021297,Hallam,Victoria,214,100
212021297_2,145.270803,-38.008383,212021297,Hallam,Victoria,214,100
212021297_3,145.252369,-38.017229,212021297,Hallam,Victoria,214,100
212021299_1,145.335872,-37.980765,212021299,Narre Warren North,Victoria,52,100
212021453_1,145.25444,-37.966332,212021453,Endeavour Hills - North,Victoria,118,100
212021453_2,145.275115,-37.9761,212021453,Endeavour Hills - North,Victoria,118,100
212021454_1,145.246895,-37.980092,212021454,Endeavour Hills - South,Victoria,166,100
212021454_2,145.260901,-37.992493,212021454,Endeavour Hills - South,Victoria,166,100
212021455_1,145.307067,-37.997401,212021455,Narre Warren - North East,Victoria,124,100
212021455_2,145.313079,-38.01561,212021455,Narre Warren - North East,Victoria,124,100
212021456_1,145.30609,-38.037631,212021456,Narre Warren - South West,Victoria,269,100
212021456_2,145.298779,-38.017631,212021456,Narre Warren - South West,Victoria,269,100
212021456_3,145.295969,-38.006747,212021456,Narre Warren - South West,Victoria,269,100
212021553_1,145.347845,-38.049865,212021553,Berwick - South East,Victoria,197,100
212021553_2,145.3755,-38.066684,212021553,Berwick - South East,Victoria,197,100
212021554_1,145.331652,-38.071023,212021554,Berwick - South West,Victoria,119,100
212021554_2,145.328459,-38.058314,212021554,Berwick - South West,Victoria,119,100
212031300_1,145.260559,-38.118395,212031300,Cranbourne,Victoria,243,100
212031300_2,145.265221,-38.114754,212031300,Cranbourne,Victoria,243,100
212031300_3,145.264104,-38.112484,212031300,Cranbourne,Victoria,243,100
212031303_1,145.250228,-38.149321,212031303,Cranbourne South,Victoria,82,100
212031304_1,145.254543,-38.084629,212031304,Cranbourne West,Victoria,242,100
212031304_2,145.266478,-38.090451,212031304,Cranbourne West,Victoria,242,100
212031304_3,145.250156,-38.083023,212031304,Cranbourne West,Victoria,242,100
212031306_1,145.2496,-38.064076,212031306,Lynbrook - Lyndhurst,Victoria,292,100
212031306_2,145.253781,-38.047135,212031306,Lynbrook - Lyndhurst,Victoria,292,100
212031306_3,145.250125,-38.045177,212031306,Lynbrook - Lyndhurst,Victoria,292,100
212031308_1,145.253974,-38.19503,212031308,Pearcedale - Tooradin,Victoria,12,100
212031457_1,145.304004,-38.067343,212031457,Narre Warren South - East,Victoria,107,100
212031457_2,145.31778,-38.058535,212031457,Narre Warren South - East,Victoria,107,100
212031458_1,145.291438,-38.042095,212031458,Narre Warren South - West,Victoria,259,100
212031458_2,145.296727,-38.062657,212031458,Narre Warren South - West,Victoria,259,100
212031458_3,145.292734,-38.042052,212031458,Narre Warren South - West,Victoria,259,100
212031555_1,145.348809,-38.083651,212031555,Clyde North - North,Victoria,95,100
212031556_1,145.361193,-38.102967,212031556,Clyde North - South,Victoria,66,100
212031557_1,145.297847,-38.090722,212031557,Cranbourne East - North,Victoria,316,100
212031557_2,145.325091,-38.104541,212031557,Cranbourne East - North,Victoria,316,100
212031557_3,145.323107,-38.123305,212031557,Cranbourne East - North,Victoria,316,100
212031557_4,145.306502,-38.104276,212031557,Cranbourne East - North,Victoria,316,100
212031558_1,145.298657,-38.117766,212031558,Cranbourne East - South,Victoria,108,100
212031558_2,145.299832,-38.122654,212031558,Cranbourne East - South,Victoria,108,100
212031559_1,145.316402,-38.07301,212031559,Cranbourne North - East,Victoria,193,100
212031559_2,145.302266,-38.073802,212031559,Cranbourne North - East,Victoria,193,100
212031560_1,145.284004,-38.076824,212031560,Cranbourne North - West,Victoria,132,100
212031560_2,145.296169,-38.07727,212031560,Cranbourne North - West,Victoria,132,100
212031561_1,145.274008,-38.050727,212031561,Hampton Park - East,Victoria,250,100
212031561_2,145.277574,-38.040977,212031561,Hampton Park - East,Victoria,250,100
212031561_3,145.267053,-38.065236,212031561,Hampton Park - East,Victoria,250,100
212031562_1,145.255274,-38.030955,212031562,Hampton Park - West,Victoria,244,100
212031562_2,145.258499,-38.03276,212031562,Hampton Park - West,Victoria,244,100
212031562_3,145.266225,-38.0326,212031562,Hampton Park - West,Victoria,244,100
212041309_1,145.109328,-37.954882,212041309,Clarinda - Oakleigh South,Victoria,175,100
212041309_2,145.093646,-37.934951,212041309,Clarinda - Oakleigh South,Victoria,175,100
212041310_1,145.124602,-37.940963,212041310,Clayton South,Victoria,553,100
212041310_2,145.125318,-37.934262,212041310,Clayton South,Victoria,553,100
212041310_3,145.111908,-37.9376,212041310,Clayton South,Victoria,553,100
212041310_4,145.12735,-37.957659,212041310,Clayton South,Victoria,553,100
212041310_5,145.123387,-37.935911,212041310,Clayton South,Victoria,553,100
212041310_6,145.133592,-37.938807,212041310,Clayton South,Victoria,553,100
212041312_1,145.231078,-37.956225,212041312,Dandenong North,Victoria,378,100
212041312_2,145.224215,-37.964955,212041312,Dandenong North,Victoria,378,100
212041312_3,145.213626,-37.945751,212041312,Dandenong North,Victoria,378,100
212041312_4,145.219799,-37.967066,212041312,Dandenong North,Victoria,378,100
212041313_1,145.128425,-37.980445,212041313,Dingley Village,Victoria,72,100
212041316_1,145.190819,-37.94135,212041316,Noble Park North,Victoria,96,100
212041317_1,145.154394,-37.954357,212041317,Springvale,Victoria,753,100
212041317_2,145.175656,-37.941453,212041317,Springvale,Victoria,753,100
212041317_3,145.143782,-37.933204,212041317,Springvale,Victoria,753,100
212041317_4,145.141142,-37.955064,212041317,Springvale,Victoria,753,100
212041317_5,145.183831,-37.942022,212041317,Springvale,Victoria,753,100
212041317_6,145.161815,-37.943941,212041317,Springvale,Victoria,753,100
212041317_7,145.14369,-37.937242,212041317,Springvale,Victoria,753,100
212041317_8,145.14996,-37.959352,212041317,Springvale,Victoria,753,100
212041318_1,145.133957,-37.962439,212041318,Springvale South,Victoria,300,100
212041318_2,145.147111,-37.978179,212041318,Springvale South,Victoria,300,100
212041318_3,145.14662,-37.964113,212041318,Springvale South,Victoria,300,100
212041459_1,145.186347,-37.96956,212041459,Noble Park - East,Victoria,404,100
212041459_2,145.173334,-37.957851,212041459,Noble Park - East,Victoria,404,100
212041459_3,145.183484,-37.961992,212041459,Noble Park - East,Victoria,404,100
212041459_4,145.181629,-37.965914,212041459,Noble Park - East,Victoria,404,100
212041459_5,145.186584,-37.97428,212041459,Noble Park - East,Victoria,404,100
212041460_1,145.173595,-37.978836,212041460,Noble Park - West,Victoria,509,100
212041460_2,145.176675,-37.97857,212041460,Noble Park - West,Victoria,509,100
212041460_3,145.163287,-37.968858,212041460,Noble Park - West,Victoria,509,100
212041460_4,145.181907,-37.979167,212041460,Noble Park - West,Victoria,509,100
212041460_5,145.184362,-37.979234,212041460,Noble Park - West,Victoria,509,100
212041460_6,145.167481,-37.980698,212041460,Noble Park - West,Victoria,509,100
212041563_1,145.220911,-37.999274,212041563,Dandenong - North,Victoria,788,100
212041563_2,145.197846,-37.973941,212041563,Dandenong - North,Victoria,788,100
212041563_3,145.223476,-37.976876,212041563,Dandenong - North,Victoria,788,100
212041563_4,145.199072,-37.982407,212041563,Dandenong - North,Victoria,788,100
212041563_5,145.217217,-37.984352,212041563,Dandenong - North,Victoria,788,100
212041563_6,145.201555,-37.970068,212041563,Dandenong - North,Victoria,788,100
212041563_7,145.230768,-37.977193,212041563,Dandenong - North,Victoria,788,100
212041563_8,145.223624,-37.992976,212041563,Dandenong - North,Victoria,788,100
212041564_1,145.198294,-38.006354,212041564,Dandenong - South,Victoria,273,100
212041564_2,145.229381,-38.004586,212041564,Dandenong - South,Victoria,273,100
212041564_3,145.18766,-38.070705,212041564,Dandenong - South,Victoria,273,100
212041565_1,145.184113,-37.992437,212041565,Keysborough - North,Victoria,197,100
212041565_2,145.163463,-37.996762,212041565,Keysborough - North,Victoria,197,100
212041566_1,145.157543,-38.031788,212041566,Keysborough - South,Victoria,234,100
212041566_2,145.170311,-38.037982,212041566,Keysborough - South,Victoria,234,100
212041566_3,145.177846,-38.028806,212041566,Keysborough - South,Victoria,234,100
212051319_1,145.105572,-37.887955,212051319,Ashwood - Chadstone,Victoria,465,100
212051319_2,145.094114,-37.867263,212051319,Ashwood - Chadstone,Victoria,465,100
212051319_3,145.092954,-37.878832,212051319,Ashwood - Chadstone,Victoria,465,100
212051319_4,145.11071,-37.87185,212051319,Ashwood - Chadstone,Victoria,465,100
212051319_5,145.107113,-37.871103,212051319,Ashwood - Chadstone,Victoria,465,100
212051321_1,145.166762,-37.893666,212051321,Glen Waverley - East,Victoria,576,100
212051321_2,145.16608,-37.884113,212051321,Glen Waverley - East,Victoria,576,100
212051321_3,145.165405,-37.884692,212051321,Glen Waverley - East,Victoria,576,100
212051321_4,145.173171,-37.904765,212051321,Glen Waverley - East,Victoria,576,100
212051321_5,145.175149,-37.884517,212051321,Glen Waverley - East,Victoria,576,100
212051321_6,145.164936,-37.897081,212051321,Glen Waverley - East,Victoria,576,100
212051322_1,145.157281,-37.868903,212051322,Glen Waverley - West,Victoria,653,100
212051322_2,145.161754,-37.87982,212051322,Glen Waverley - West,Victoria,653,100
212051322_3,145.15182,-37.900743,212051322,Glen Waverley - West,Victoria,653,100
212051322_4,145.150159,-37.868427,212051322,Glen Waverley - West,Victoria,653,100
212051322_5,145.157643,-37.862172,212051322,Glen Waverley - West,Victoria,653,100
212051322_6,145.161398,-37.897617,212051322,Glen Waverley - West,Victoria,653,100
212051322_7,145.146202,-37.901611,212051322,Glen Waverley - West,Victoria,653,100
212051323_1,145.134231,-37.859545,212051323,Mount Waverley - North,Victoria,402,100
212051323_2,145.139952,-37.866559,212051323,Mount Waverley - North,Victoria,402,100
212051323_3,145.14617,-37.85972,212051323,Mount Waverley - North,Victoria,402,100
212051323_4,145.14725,-37.874057,212051323,Mount Waverley - North,Victoria,402,100
212051323_5,145.123603,-37.863694,212051323,Mount Waverley - North,Victoria,402,100
212051324_1,145.112012,-37.890442,212051324,Mount Waverley - South,Victoria,431,100
212051324_2,145.122594,-37.878,212051324,Mount Waverley - South,Victoria,431,100
212051324_3,145.123344,-37.877574,212051324,Mount Waverley - South,Victoria,431,100
212051324_4,145.114202,-37.884286,212051324,Mount Waverley - South,Victoria,431,100
212051324_5,145.125544,-37.892497,212051324,Mount Waverley - South,Victoria,431,100
212051325_1,145.152957,-37.914487,212051325,Mulgrave,Victoria,355,100
212051325_2,145.159735,-37.912474,212051325,Mulgrave,Victoria,355,100
212051325_3,145.160984,-37.918298,212051325,Mulgrave,Victoria,355,100
212051325_4,145.171215,-37.934619,212051325,Mulgrave,Victoria,355,100
212051326_1,145.11611,-37.903772,212051326,Oakleigh - Huntingdale,Victoria,628,100
212051326_2,145.106008,-37.895748,212051326,Oakleigh - Huntingdale,Victoria,628,100
212051326_3,145.105277,-37.915422,212051326,Oakleigh - Huntingdale,Victoria,628,100
212051326_4,145.10545,-37.915987,212051326,Oakleigh - Huntingdale,Victoria,628,100
212051326_5,145.100455,-37.895289,212051326,Oakleigh - Huntingdale,Victoria,628,100
212051326_6,145.093518,-37.921733,212051326,Oakleigh - Huntingdale,Victoria,628,100
212051326_7,145.119282,-37.899965,212051326,Oakleigh - Huntingdale,Victoria,628,100
212051327_1,145.201315,-37.894955,212051327,Wheelers Hill,Victoria,298,100
212051327_2,145.18806,-37.896672,212051327,Wheelers Hill,Victoria,298,100
212051327_3,145.179265,-37.911088,212051327,Wheelers Hill,Victoria,298,100
212051567_1,145.124463,-37.899765,212051567,Clayton (North) - Notting Hill,Victoria,1108,100
212051567_2,145.14673,-37.917429,212051567,Clayton (North) - Notting Hill,Victoria,1108,100
212051567_3,145.138992,-37.913651,212051567,Clayton (North) - Notting Hill,Victoria,1108,100
212051567_4,145.146521,-37.925565,212051567,Clayton (North) - Notting Hill,Victoria,1108,100
212051567_5,145.122318,-37.913157,212051567,Clayton (North) - Notting Hill,Victoria,1108,100
212051567_6,145.149128,-37.911032,212051567,Clayton (North) - Notting Hill,Victoria,1108,100
212051567_7,145.135321,-37.904052,212051567,Clayton (North) - Notting Hill,Victoria,1108,100
212051567_8,145.144623,-37.924179,212051567,Clayton (North) - Notting Hill,Victoria,1108,100
212051567_9,145.132525,-37.909071,212051567,Clayton (North) - Notting Hill,Victoria,1108,100
212051567_10,145.130901,-37.912964,212051567,Clayton (North) - Notting Hill,Victoria,1108,100
212051567_11,145.13827,-37.900769,212051567,Clayton (North) - Notting Hill,Victoria,1108,100
212051567_12,145.124175,-37.905971,212051567,Clayton (North) - Notting Hill,Victoria,1108,100
212051568_1,145.133977,-37.926082,212051568,Clayton - Central,Victoria,1010,100
212051568_2,145.128029,-37.922063,212051568,Clayton - Central,Victoria,1010,100
212051568_3,145.125651,-37.923986,212051568,Clayton - Central,Victoria,1010,100
212051568_4,145.141792,-37.929044,212051568,Clayton - Central,Victoria,1010,100
212051568_5,145.118061,-37.921121,212051568,Clayton - Central,Victoria,1010,100
212051568_6,145.125624,-37.919634,212051568,Clayton - Central,Victoria,1010,100
212051568_7,145.133712,-37.926023,212051568,Clayton - Central,Victoria,1010,100
212051568_8,145.115017,-37.914863,212051568,Clayton - Central,Victoria,1010,100
212051568_9,145.122189,-37.917135,212051568,Clayton - Central,Victoria,1010,100
212051568_10,145.114087,-37.926905,212051568,Clayton - Central,Victoria,1010,100
212051568_11,145.133927,-37.926762,212051568,Clayton - Central,Victoria,1010,100
213011328_1,144.793274,-37.781051,213011328,Ardeer - Albion,Victoria,199,100
213011328_2,144.816459,-37.782478,213011328,Ardeer - Albion,Victoria,199,100
213011329_1,144.791087,-37.763477,213011329,Cairnlea,Victoria,107,100
213011329_2,144.789576,-37.759407,213011329,Cairnlea,Victoria,107,100
213011331_1,144.772964,-37.718701,213011331,Delahey,Victoria,89,100
213011332_1,144.812243,-37.717309,213011332,Keilor Downs,Victoria,113,100
213011332_2,144.805656,-37.726699,213011332,Keilor Downs,Victoria,113,100
213011333_1,144.776703,-37.745775,213011333,Kings Park (Vic.),Victoria,180,100
213011333_2,144.772505,-37.742458,213011333,Kings Park (Vic.),Victoria,180,100
213011334_1,144.817794,-37.742998,213011334,St Albans - North,Victoria,459,100
213011334_2,144.811475,-37.730992,213011334,St Albans - North,Victoria,459,100
213011334_3,144.810882,-37.73075,213011334,St Albans - North,Victoria,459,100
213011334_4,144.780474,-37.738224,213011334,St Albans - North,Victoria,459,100
213011334_5,144.80717,-37.730394,213011334,St Albans - North,Victoria,459,100
213011335_1,144.79827,-37.753205,213011335,St Albans - South,Victoria,382,100
213011335_2,144.80947,-37.746364,213011335,St Albans - South,Victoria,382,100
213011335_3,144.783847,-37.745067,213011335,St Albans - South,Victoria,382,100
213011335_4,144.817732,-37.760776,213011335,St Albans - South,Victoria,382,100
213011336_1,144.838223,-37.79594,213011336,Sunshine,Victoria,289,100
213011336_2,144.818842,-37.786543,213011336,Sunshine,Victoria,289,100
213011336_3,144.84052,-37.794412,213011336,Sunshine,Victoria,289,100
213011337_1,144.836366,-37.768663,213011337,Sunshine North,Victoria,197,100
213011337_2,144.824377,-37.758042,213011337,Sunshine North,Victoria,197,100
213011338_1,144.832614,-37.814969,213011338,Sunshine West,Victoria,292,100
213011338_2,144.81469,-37.808899,213011338,Sunshine West,Victoria,292,100
213011338_3,144.836154,-37.818753,213011338,Sunshine West,Victoria,292,100
213011339_1,144.767528,-37.703888,213011339,Sydenham,Victoria,237,100
213011339_2,144.761947,-37.703919,213011339,Sydenham,Victoria,237,100
213011339_3,144.77564,-37.705852,213011339,Sydenham,Victoria,237,100
213011340_1,144.766823,-37.685908,213011340,Taylors Lakes,Victoria,116,100
213011340_2,144.798841,-37.707181,213011340,Taylors Lakes,Victoria,116,100
213011569_1,144.759479,-37.770145,213011569,Deer Park,Victoria,292,100
213011569_2,144.764245,-37.766811,213011569,Deer Park,Victoria,292,100
213011569_3,144.760255,-37.778175,213011569,Deer Park,Victoria,292,100
213011570_1,144.755346,-37.782428,213011570,Derrimut,Victoria,139,100
213011570_2,144.762859,-37.800335,213011570,Derrimut,Victoria,139,100
213021341_1,144.803828,-37.851978,213021341,Altona,Victoria,157,100
213021341_2,144.806226,-37.847555,213021341,Altona,Victoria,157,100
213021342_1,144.784749,-37.879116,213021342,Altona Meadows,Victoria,208,100
213021342_2,144.794243,-37.895372,213021342,Altona Meadows,Victoria,208,100
213021342_3,144.786713,-37.866287,213021342,Altona Meadows,Victoria,208,100
213021343_1,144.850884,-37.822696,213021343,Altona North,Victoria,147,100
213021343_2,144.852881,-37.839085,213021343,Altona North,Victoria,147,100
213021344_1,144.881665,-37.825758,213021344,Newport,Victoria,207,100
213021344_2,144.868355,-37.84279,213021344,Newport,Victoria,207,100
213021344_3,144.88105,-37.845603,213021344,Newport,Victoria,207,100
213021345_1,144.752391,-37.880295,213021345,Seabrook,Victoria,56,100
213021346_1,144.879351,-37.864839,213021346,Williamstown,Victoria,206,100
213021346_2,144.891023,-37.866356,213021346,Williamstown,Victoria,206,100
213021346_3,144.853859,-37.850852,213021346,Williamstown,Victoria,206,100
213031347_1,144.863458,-37.781774,213031347,Braybrook,Victoria,502,100
213031347_2,144.848155,-37.77386,213031347,Braybrook,Victoria,502,100
213031347_3,144.854578,-37.787933,213031347,Braybrook,Victoria,502,100
213031347_4,144.849582,-37.785597,213031347,Braybrook,Victoria,502,100
213031347_5,144.850409,-37.787189,213031347,Braybrook,Victoria,502,100
213031347_6,144.8701,-37.774135,213031347,Braybrook,Victoria,502,100
213031348_1,144.888515,-37.801874,213031348,Footscray,Victoria,596,100
213031348_2,144.909609,-37.796938,213031348,Footscray,Victoria,596,100
213031348_3,144.895067,-37.796191,213031348,Footscray,Victoria,596,100
213031348_4,144.902869,-37.794673,213031348,Footscray,Victoria,596,100
213031348_5,144.89899,-37.802617,213031348,Footscray,Victoria,596,100
213031348_6,144.888718,-37.797428,213031348,Footscray,Victoria,596,100
213031349_1,144.897569,-37.768494,213031349,Maribyrnong,Victoria,320,100
213031349_2,144.882602,-37.768638,213031349,Maribyrnong,Victoria,320,100
213031349_3,144.885485,-37.781979,213031349,Maribyrnong,Victoria,320,100
213031349_4,144.875381,-37.766389,213031349,Maribyrnong,Victoria,320,100
213031350_1,144.891169,-37.80611,213031350,Seddon - Kingsville,Victoria,120,100
213031350_2,144.897798,-37.809666,213031350,Seddon - Kingsville,Victoria,120,100
213031351_1,144.869806,-37.798658,213031351,West Footscray - Tottenham,Victoria,274,100
213031351_2,144.857935,-37.812331,213031351,West Footscray - Tottenham,Victoria,274,100
213031351_3,144.853563,-37.803011,213031351,West Footscray - Tottenham,Victoria,274,100
213031352_1,144.873426,-37.820198,213031352,Yarraville,Victoria,173,100
213031352_2,144.893276,-37.825312,213031352,Yarraville,Victoria,173,100
213041353_1,144.430938,-37.600648,213041353,Bacchus Marsh,Victoria,88,100
213041358_1,144.521173,-37.669571,213041358,Melton West,Victoria,132,100
213041358_2,144.553845,-37.645354,213041358,Melton West,Victoria,132,100
213041359_1,144.712742,-37.805026,213041359,Rockbank - Mount Cottrell,Victoria,115,100
213041359_2,144.62414,-37.795728,213041359,Rockbank - Mount Cottrell,Victoria,115,100
213041360_1,144.751437,-37.717277,213041360,Taylors Hill,Victoria,209,100
213041360_2,144.749341,-37.722558,213041360,Taylors Hill,Victoria,209,100
213041360_3,144.732955,-37.709706,213041360,Taylors Hill,Victoria,209,100
213041461_1,144.755051,-37.74583,213041461,Burnside,Victoria,64,100
213041462_1,144.758689,-37.725789,213041462,Burnside Heights,Victoria,96,100
213041463_1,144.739849,-37.74005,213041463,Caroline Springs,Victoria,309,100
213041463_2,144.725522,-37.745237,213041463,Caroline Springs,Victoria,309,100
213041463_3,144.746511,-37.755283,213041463,Caroline Springs,Victoria,309,100
213041463_4,144.742104,-37.724584,213041463,Caroline Springs,Victoria,309,100
213041571_1,144.564624,-37.690038,213041571,Brookfield,Victoria,121,100
213041571_2,144.541216,-37.696555,213041571,Brookfield,Victoria,121,100
213041572_1,144.597718,-37.711391,213041572,Cobblebank - Strathtulloh,Victoria,56,100
213041573_1,144.486693,-37.74125,213041573,Eynesbury - Exford,Victoria,14,100
213041574_1,144.709784,-37.721614,213041574,Fraser Rise - Plumpton,Victoria,89,100
213041575_1,144.736455,-37.692204,213041575,Hillside,Victoria,106,100
213041575_2,144.742051,-37.698871,213041575,Hillside,Victoria,106,100
213041576_1,144.582542,-37.670163,213041576,Kurunjang - Toolern Vale,Victoria,71,100
213041577_1,144.601814,-37.693092,213041577,Melton,Victoria,80,100
213041578_1,144.566409,-37.699766,213041578,Melton South - Weir Views,Victoria,165,100
213041578_2,144.576113,-37.696711,213041578,Melton South - Weir Views,Victoria,165,100
213051361_1,144.732591,-37.87301,213051361,Hoppers Crossing - North,Victoria,216,100
213051361_2,144.713904,-37.877478,213051361,Hoppers Crossing - North,Victoria,216,100
213051361_3,144.701536,-37.883435,213051361,Hoppers Crossing - North,Victoria,216,100
213051362_1,144.669149,-37.866878,213051362,Hoppers Crossing - South,Victoria,361,100
213051362_2,144.683104,-37.863458,213051362,Hoppers Crossing - South,Victoria,361,100
213051362_3,144.69039,-37.872441,213051362,Hoppers Crossing - South,Victoria,361,100
213051362_4,144.675201,-37.872088,213051362,Hoppers Crossing - South,Victoria,361,100
213051363_1,144.77185,-37.812787,213051363,Laverton,Victoria,350,100
213051363_2,144.793162,-37.817323,213051363,Laverton,Victoria,350,100
213051363_3,144.797138,-37.825754,213051363,Laverton,Victoria,350,100
213051363_4,144.764632,-37.865011,213051363,Laverton,Victoria,350,100
213051368_1,144.667485,-37.962161,213051368,Werribee - South,Victoria,207,100
213051368_2,144.643302,-37.945027,213051368,Werribee - South,Victoria,207,100
213051368_3,144.681829,-37.973144,213051368,Werribee - South,Victoria,207,100
213051464_1,144.776154,-37.911913,213051464,Point Cook - East,Victoria,442,100
213051464_2,144.760412,-37.893255,213051464,Point Cook - East,Victoria,442,100
213051464_3,144.761378,-37.927945,213051464,Point Cook - East,Victoria,442,100
213051464_4,144.783724,-37.913409,213051464,Point Cook - East,Victoria,442,100
213051464_5,144.781288,-37.920572,213051464,Point Cook - East,Victoria,442,100
213051466_1,144.729095,-37.900605,213051466,Point Cook - South,Victoria,413,100
213051466_2,144.717533,-37.901945,213051466,Point Cook - South,Victoria,413,100
213051466_3,144.725654,-37.898661,213051466,Point Cook - South,Victoria,413,100
213051466_4,144.719326,-37.899364,213051466,Point Cook - South,Victoria,413,100
213051466_5,144.720953,-37.897469,213051466,Point Cook - South,Victoria,413,100
213051467_1,144.668152,-37.879658,213051467,Werribee - East,Victoria,329,100
213051467_2,144.66126,-37.891424,213051467,Werribee - East,Victoria,329,100
213051467_3,144.645648,-37.887029,213051467,Werribee - East,Victoria,329,100
213051467_4,144.672709,-37.887204,213051467,Werribee - East,Victoria,329,100
213051468_1,144.507402,-37.91573,213051468,Werribee - West,Victoria,189,100
213051468_2,144.617729,-37.91455,213051468,Werribee - West,Victoria,189,100
213051579_1,144.480104,-37.836916,213051579,Manor Lakes - Quandong,Victoria,190,100
213051579_2,144.494404,-37.871267,213051579,Manor Lakes - Quandong,Victoria,190,100
213051580_1,144.732841,-37.892392,213051580,Point Cook - North East,Victoria,282,100
213051580_2,144.74061,-37.887739,213051580,Point Cook - North East,Victoria,282,100
213051580_3,144.731263,-37.895004,213051580,Point Cook - North East,Victoria,282,100
213051581_1,144.726351,-37.893506,213051581,Point Cook - North West,Victoria,224,100
213051581_2,144.729541,-37.883967,213051581,Point Cook - North West,Victoria,224,100
213051581_3,144.728871,-37.880031,213051581,Point Cook - North West,Victoria,224,100
213051582_1,144.624992,-37.837014,213051582,Tarneit (West) - Mount Cottrell,Victoria,119,100
213051582_2,144.620536,-37.803159,213051582,Tarneit (West) - Mount Cottrell,Victoria,119,100
213051583_1,144.65443,-37.839632,213051583,Tarneit - Central,Victoria,741,100
213051583_2,144.677308,-37.844456,213051583,Tarneit - Central,Victoria,741,100
213051583_3,144.68679,-37.834144,213051583,Tarneit - Central,Victoria,741,100
213051583_4,144.692355,-37.846675,213051583,Tarneit - Central,Victoria,741,100
213051583_5,144.662628,-37.840293,213051583,Tarneit - Central,Victoria,741,100
213051583_6,144.665064,-37.842111,213051583,Tarneit - Central,Victoria,741,100
213051583_7,144.662441,-37.834722,213051583,Tarneit - Central,Victoria,741,100
213051583_8,144.663551,-37.841769,213051583,Tarneit - Central,Victoria,741,100
213051584_1,144.669061,-37.814402,213051584,Tarneit - North,Victoria,81,100
213051585_1,144.656298,-37.867348,213051585,Tarneit - South,Victoria,232,100
213051585_2,144.657935,-37.848197,213051585,Tarneit - South,Victoria,232,100
213051585_3,144.658172,-37.853799,213051585,Tarneit - South,Victoria,232,100
213051586_1,144.735704,-37.827087,213051586,Truganina - North,Victoria,70,100
213051587_1,144.747674,-37.842701,213051587,Truganina - South East,Victoria,254,100
213051587_2,144.734392,-37.861554,213051587,Truganina - South East,Victoria,254,100
213051587_3,144.737135,-37.852194,213051587,Truganina - South East,Victoria,254,100
213051588_1,144.708498,-37.83982,213051588,Truganina - South West,Victoria,546,100
213051588_2,144.71941,-37.849966,213051588,Truganina - South West,Victoria,546,100
213051588_3,144.726442,-37.865377,213051588,Truganina - South West,Victoria,546,100
213051588_4,144.728316,-37.841184,213051588,Truganina - South West,Victoria,546,100
213051588_5,144.730913,-37.848547,213051588,Truganina - South West,Victoria,546,100
213051588_6,144.723437,-37.845017,213051588,Truganina - South West,Victoria,546,100
213051589_1,144.550495,-37.825168,213051589,Wyndham Vale - North,Victoria,103,100
213051589_2,144.59883,-37.8397,213051589,Wyndham Vale - North,Victoria,103,100
213051590_1,144.627389,-37.896693,213051590,Wyndham Vale - South,Victoria,147,100
213051590_2,144.623817,-37.885359,213051590,Wyndham Vale - South,Victoria,147,100
214011370_1,145.191555,-38.112358,214011370,Carrum Downs,Victoria,155,100
214011370_2,145.189417,-38.076793,214011370,Carrum Downs,Victoria,155,100
214011371_1,145.148288,-38.17176,214011371,Frankston,Victoria,212,100
214011371_2,145.137154,-38.16152,214011371,Frankston,Victoria,212,100
214011371_3,145.155053,-38.168508,214011371,Frankston,Victoria,212,100
214011372_1,145.15129,-38.150647,214011372,Frankston North,Victoria,122,100
214011372_2,145.157504,-38.150024,214011372,Frankston North,Victoria,122,100
214011373_1,145.137745,-38.179866,214011373,Frankston South,Victoria,125,100
214011373_2,145.126463,-38.190028,214011373,Frankston South,Victoria,125,100
214011374_1,145.207018,-38.184397,214011374,Langwarrin,Victoria,103,100
214011374_2,145.192232,-38.13336,214011374,Langwarrin,Victoria,103,100
214011375_1,145.14191,-38.107628,214011375,Seaford (Vic.),Victoria,119,100
214011375_2,145.128811,-38.099128,214011375,Seaford (Vic.),Victoria,119,100
214011376_1,145.230249,-38.11941,214011376,Skye - Sandhurst,Victoria,95,100
214021377_1,144.953259,-38.369603,214021377,Dromana,Victoria,63,100
214021378_1,144.91826,-38.410486,214021378,Flinders,Victoria,41,100
214021379_1,145.159577,-38.309242,214021379,Hastings - Somers,Victoria,82,100
214021381_1,145.091638,-38.2115,214021381,Mount Eliza,Victoria,158,100
214021381_2,145.080815,-38.185742,214021381,Mount Eliza,Victoria,158,100
214021382_1,145.047089,-38.25382,214021382,Mount Martha,Victoria,126,100
214021382_2,145.051474,-38.276984,214021382,Mount Martha,Victoria,126,100
214021383_1,144.6981,-38.324333,214021383,Point Nepean,Victoria,96,100
214021384_1,144.895135,-38.382382,214021384,Rosebud - McCrae,Victoria,95,100
214021385_1,145.239725,-38.233952,214021385,Somerville,Victoria,68,100
214021591_1,145.088685,-38.231647,214021591,Mornington - East,Victoria,81,100
214021592_1,145.034329,-38.215538,214021592,Mornington - West,Victoria,78,100
215011386_1,142.946478,-37.286363,215011386,Ararat,Victoria,48,100
215011387_1,142.821283,-37.460061,215011387,Ararat Surrounds,Victoria,14,100
215011388_1,142.263554,-36.7473,215011388,Horsham,Victoria,48,100
215011389_1,142.059317,-36.938343,215011389,Horsham Surrounds,Victoria,5,100
215011390_1,140.998989,-36.51369,215011390,Nhill Region,Victoria,16,100
215011391_1,143.355462,-36.849095,215011391,St Arnaud,Victoria,6,100
215011392_1,142.54848,-36.9765,215011392,Stawell,Victoria,32,100
215011393_1,141.541306,-36.911654,215011393,West Wimmera,Victoria,3,100
215011394_1,142.156209,-35.59716,215011394,Yarriambiack,Victoria,7,100
215021395_1,142.193799,-34.232719,215021395,Irymple,Victoria,22,100
215021396_1,142.002346,-34.212861,215021396,Merbein,Victoria,7,100
215021398_1,141.41627,-34.965843,215021398,Mildura Surrounds,Victoria,25,100
215021399_1,142.180528,-34.294741,215021399,Red Cliffs,Victoria,18,100
215021469_1,142.165944,-34.21347,215021469,Mildura - North,Victoria,177,100
215021469_2,142.119134,-34.15901,215021469,Mildura - North,Victoria,177,100
215021470_1,142.146622,-34.221,215021470,Mildura - South,Victoria,80,100
215031400_1,143.041872,-35.70363,215031400,Buloke,Victoria,13,100
215031401_1,143.733756,-35.816723,215031401,Gannawarra,Victoria,1,100
215031403_1,142.725549,-34.610329,215031403,Robinvale,Victoria,64,100
215031404_1,143.454679,-35.344217,215031404,Swan Hill,Victoria,46,100
215031405_1,143.088827,-34.975623,215031405,Swan Hill Surrounds,Victoria,38,100
216011406_1,144.763715,-36.17984,216011406,Echuca,Victoria,40,100
216011407_1,144.931279,-36.126512,216011407,Kyabram,Victoria,29,100
216011408_1,144.580425,-36.363079,216011408,Lockington - Gunbower,Victoria,7,100
216011409_1,144.644287,-36.391666,216011409,Rochester,Victoria,1,100
216011410_1,144.706504,-36.573968,216011410,Rushworth,Victoria,6,100
216021411_1,145.634222,-35.903758,216021411,Cobram,Victoria,32,100
216021412_1,145.845424,-36.11519,216021412,Moira,Victoria,6,100
216021413_1,145.429351,-36.003069,216021413,Numurkah,Victoria,25,100
216021414_1,145.990571,-36.027429,216021414,Yarrawonga,Victoria,13,100
216031415_1,145.350098,-36.395051,216031415,Mooroopna,Victoria,35,100
216031416_1,145.409341,-36.328732,216031416,Shepparton - North,Victoria,242,100
216031416_2,145.434521,-36.327187,216031416,Shepparton - North,Victoria,242,100
216031416_3,145.354567,-36.350536,216031416,Shepparton - North,Victoria,242,100
216031418_1,145.479644,-36.349656,216031418,Shepparton Surrounds - East,Victoria,11,100
216031419_1,145.161449,-36.403186,216031419,Shepparton Surrounds - West,Victoria,34,100
216031593_1,145.36396,-36.445551,216031593,Kialla,Victoria,30,100
216031594_1,145.462617,-36.400318,216031594,Shepparton - South East,Victoria,143,100
216031594_2,145.506006,-36.406254,216031594,Shepparton - South East,Victoria,143,100
217011420_1,141.102573,-38.092707,217011420,Glenelg (Vic.),Victoria,17,100
217011421_1,142.041041,-37.722292,217011421,Hamilton (Vic.),Victoria,32,100
217011422_1,141.59408,-38.366257,217011422,Portland,Victoria,18,100
217011423_1,142.24833,-37.959237,217011423,Southern Grampians,Victoria,16,100
217031471_1,143.187073,-38.236321,217031471,Camperdown,Victoria,3,100
217031472_1,143.590348,-38.332699,217031472,Colac,Victoria,49,100
217031473_1,143.444837,-38.495604,217031473,Colac Surrounds,Victoria,6,100
217031474_1,143.307684,-38.228045,217031474,Corangamite - North,Victoria,11,100
217031475_1,142.922611,-38.314758,217031475,Corangamite - South,Victoria,17,100
217031476_1,143.658264,-38.745176,217031476,Otway,Victoria,25,100
217041477_1,142.971725,-38.003851,217041477,Moyne - East,Victoria,17,100
217041478_1,142.342839,-38.086822,217041478,Moyne - West,Victoria,32,100
217041479_1,142.515895,-38.377569,217041479,Warrnambool - North,Victoria,105,100
217041479_2,142.492247,-38.302133,217041479,Warrnambool - North,Victoria,105,100
217041480_1,142.609031,-38.395655,217041480,Warrnambool - South,Victoria,108,100
217041480_2,142.617987,-38.363438,217041480,Warrnambool - South,Victoria,108,100
301011001_1,153.234572,-27.516784,301011001,Alexandra Hills,Queensland,95,100
301011002_1,153.130389,-27.513486,301011002,Belmont - Gumdale,Queensland,67,100
301011003_1,153.205329,-27.510539,301011003,Birkdale,Queensland,96,100
301011004_1,153.219234,-27.56044,301011004,Capalaba,Queensland,128,100
301011004_2,153.209469,-27.523945,301011004,Capalaba,Queensland,128,100
301011005_1,153.19799,-27.483083,301011005,Thorneside,Queensland,28,100
301011006_1,153.245466,-27.506739,301011006,Wellington Point,Queensland,71,100
301021007_1,153.277674,-27.534149,301021007,Cleveland,Queensland,182,100
301021007_2,153.268759,-27.531242,301021007,Cleveland,Queensland,182,100
301021008_1,153.258124,-27.492572,301021008,Ormiston,Queensland,78,100
301021009_1,153.289892,-27.628912,301021009,Redland Bay,Queensland,105,100
301021009_2,153.290984,-27.650444,301021009,Redland Bay,Queensland,105,100
301021011_1,153.212784,-27.632063,301021011,Sheldon - Mount Cotton,Queensland,32,100
301021012_1,153.274218,-27.553161,301021012,Thornlands,Queensland,156,100
301021012_2,153.254415,-27.561732,301021012,Thornlands,Queensland,156,100
301021013_1,153.280202,-27.59181,301021013,Victoria Point,Queensland,80,100
301021550_1,153.411973,-27.485026,301021550,North Stradbroke Island,Queensland,16,100
301021551_1,153.332386,-27.567686,301021551,Southern Moreton Bay Islands,Queensland,53,100
301031015_1,153.183674,-27.453763,301031015,Manly - Lota,Queensland,102,100
301031015_2,153.188247,-27.463181,301031015,Manly - Lota,Queensland,102,100
301031016_1,153.167803,-27.467428,301031016,Manly West,Queensland,82,100
301031017_1,153.105989,-27.448889,301031017,Murarrie,Queensland,54,100
301031018_1,153.138136,-27.467838,301031018,Tingalpa,Queensland,100,100
301031019_1,153.149493,-27.490154,301031019,Wakerley,Queensland,99,100
301031020_1,153.172241,-27.433419,301031020,Wynnum,Queensland,162,100
301031020_2,153.175238,-27.447731,301031020,Wynnum,Queensland,162,100
301031021_1,153.123905,-27.444562,301031021,Wynnum West - Hemmant,Queensland,137,100
301031021_2,153.149384,-27.457489,301031021,Wynnum West - Hemmant,Queensland,137,100
302011022_1,153.015339,-27.326697,302011022,Bald Hills,Queensland,85,100
302011023_1,152.991465,-27.36071,302011023,Bridgeman Downs,Queensland,86,100
302011024_1,153.02574,-27.346404,302011024,Carseldine,Queensland,103,100
302011024_2,153.005301,-27.354819,302011024,Carseldine,Queensland,103,100
302011025_1,152.981105,-27.399308,302011025,Everton Park,Queensland,136,100
302011025_2,152.989793,-27.402825,302011025,Everton Park,Queensland,136,100
302011026_1,152.996629,-27.388583,302011026,McDowall,Queensland,66,100
302021027_1,153.028243,-27.368882,302021027,Aspley,Queensland,135,100
302021027_2,153.02033,-27.373683,302021027,Aspley,Queensland,135,100
302021028_1,153.040681,-27.389516,302021028,Chermside,Queensland,243,100
302021028_2,153.033187,-27.393136,302021028,Chermside,Queensland,243,100
302021028_3,153.044838,-27.384553,302021028,Chermside,Queensland,243,100
302021029_1,153.016428,-27.387552,302021029,Chermside West,Queensland,96,100
302021030_1,153.056162,-27.367657,302021030,Geebung,Queensland,39,100
302021031_1,153.032954,-27.402904,302021031,Kedron - Gordon Park,Queensland,180,100
302021031_2,153.022548,-27.40694,302021031,Kedron - Gordon Park,Queensland,180,100
302021032_1,153.015931,-27.418027,302021032,Stafford,Queensland,73,100
302021033_1,153.002097,-27.401299,302021033,Stafford Heights,Queensland,59,100
302021034_1,153.04764,-27.380281,302021034,Wavell Heights,Queensland,86,100
302031035_1,153.057431,-27.34022,302031035,Boondall,Queensland,114,100
302031035_2,153.070485,-27.358487,302031035,Boondall,Queensland,114,100
302031037_1,153.107302,-27.433842,302031037,Eagle Farm - Pinkenba,Queensland,32,100
302031038_1,153.077717,-27.388915,302031038,Northgate - Virginia,Queensland,97,100
302031039_1,153.088714,-27.342562,302031039,Nudgee - Banyo,Queensland,123,100
302031039_2,153.089772,-27.358936,302031039,Nudgee - Banyo,Queensland,123,100
302031040_1,153.071435,-27.406139,302031040,Nundah,Queensland,321,100
302031040_2,153.053152,-27.404099,302031040,Nundah,Queensland,321,100
302031040_3,153.069184,-27.406313,302031040,Nundah,Queensland,321,100
302031040_4,153.051448,-27.397467,302031040,Nundah,Queensland,321,100
302041041_1,153.025212,-27.321551,302041041,Bracken Ridge,Queensland,222,100
302041041_2,153.039689,-27.331982,302041041,Bracken Ridge,Queensland,222,100
302041041_3,153.020095,-27.329658,302041041,Bracken Ridge,Queensland,222,100
302041042_1,153.064342,-27.288437,302041042,Brighton (Qld),Queensland,48,100
302041043_1,153.060104,-27.330212,302041043,Deagon,Queensland,18,100
302041044_1,153.070134,-27.320268,302041044,Sandgate - Shorncliffe,Queensland,69,100
302041045_1,153.050421,-27.335132,302041045,Taigum - Fitzgibbon,Queensland,221,100
302041045_2,153.054277,-27.336284,302041045,Taigum - Fitzgibbon,Queensland,221,100
302041045_3,153.046588,-27.336978,302041045,Taigum - Fitzgibbon,Queensland,221,100
302041046_1,153.028497,-27.356461,302041046,Zillmere,Queensland,175,100
302041046_2,153.038904,-27.359222,302041046,Zillmere,Queensland,175,100
303011047_1,153.073138,-27.493853,303011047,Camp Hill,Queensland,133,100
303011047_2,153.073022,-27.49938,303011047,Camp Hill,Queensland,133,100
303011048_1,153.08166,-27.471084,303011048,Cannon Hill,Queensland,108,100
303011048_2,153.101819,-27.473264,303011048,Cannon Hill,Queensland,108,100
303011049_1,153.102914,-27.489215,303011049,Carina,Queensland,160,100
303011049_2,153.097601,-27.484273,303011049,Carina,Queensland,160,100
303011050_1,153.096024,-27.501804,303011050,Carina Heights,Queensland,108,100
303011050_2,153.090404,-27.504519,303011050,Carina Heights,Queensland,108,100
303011051_1,153.098101,-27.515473,303011051,Carindale,Queensland,197,100
303011051_2,153.125628,-27.498795,303011051,Carindale,Queensland,197,100
303021052_1,153.032828,-27.521493,303021052,Annerley,Queensland,263,100
303021052_2,153.037432,-27.506502,303021052,Annerley,Queensland,263,100
303021052_3,153.028665,-27.514608,303021052,Annerley,Queensland,263,100
303021053_1,153.057604,-27.482068,303021053,Coorparoo,Queensland,280,100
303021053_2,153.055437,-27.501888,303021053,Coorparoo,Queensland,280,100
303021053_3,153.067294,-27.501765,303021053,Coorparoo,Queensland,280,100
303021054_1,153.024124,-27.492656,303021054,Fairfield - Dutton Park,Queensland,129,100
303021054_2,153.018876,-27.509205,303021054,Fairfield - Dutton Park,Queensland,129,100
303021055_1,153.044787,-27.513241,303021055,Greenslopes,Queensland,227,100
303021055_2,153.047706,-27.512079,303021055,Greenslopes,Queensland,227,100
303021055_3,153.050939,-27.516072,303021055,Greenslopes,Queensland,227,100
303021056_1,153.066122,-27.520048,303021056,Holland Park,Queensland,75,100
303021057_1,153.057839,-27.518841,303021057,Holland Park West,Queensland,74,100
303021058_1,153.031945,-27.492455,303021058,Woolloongabba,Queensland,255,100
303021058_2,153.042275,-27.49192,303021058,Woolloongabba,Queensland,255,100
303021058_3,153.036414,-27.498607,303021058,Woolloongabba,Queensland,255,100
303021059_1,153.014998,-27.513928,303021059,Yeronga,Queensland,102,100
303021059_2,153.006261,-27.531638,303021059,Yeronga,Queensland,102,100
303031060_1,153.091015,-27.585673,303031060,Eight Mile Plains,Queensland,523,100
303031060_2,153.095468,-27.590397,303031060,Eight Mile Plains,Queensland,523,100
303031060_3,153.087538,-27.574823,303031060,Eight Mile Plains,Queensland,523,100
303031060_4,153.085332,-27.586534,303031060,Eight Mile Plains,Queensland,523,100
303031060_5,153.083621,-27.579384,303031060,Eight Mile Plains,Queensland,523,100
303031060_6,153.104065,-27.584479,303031060,Eight Mile Plains,Queensland,523,100
303031061_1,153.070275,-27.557197,303031061,Macgregor (Qld),Queensland,338,100
303031061_2,153.083327,-27.566374,303031061,Macgregor (Qld),Queensland,338,100
303031061_3,153.072899,-27.564243,303031061,Macgregor (Qld),Queensland,338,100
303031061_4,153.078507,-27.566713,303031061,Macgregor (Qld),Queensland,338,100
303031062_1,153.109894,-27.530124,303031062,Mansfield (Qld),Queensland,161,100
303031062_2,153.106907,-27.53373,303031062,Mansfield (Qld),Queensland,161,100
303031063_1,153.088122,-27.517324,303031063,Mount Gravatt,Queensland,207,100
303031063_2,153.087057,-27.541611,303031063,Mount Gravatt,Queensland,207,100
303031063_3,153.078652,-27.537155,303031063,Mount Gravatt,Queensland,207,100
303031064_1,153.148153,-27.534708,303031064,Rochedale - Burbank,Queensland,144,100
303031064_2,153.151716,-27.589576,303031064,Rochedale - Burbank,Queensland,144,100
303031065_1,153.077281,-27.559521,303031065,Upper Mount Gravatt,Queensland,366,100
303031065_2,153.075722,-27.557191,303031065,Upper Mount Gravatt,Queensland,366,100
303031065_3,153.078117,-27.553062,303031065,Upper Mount Gravatt,Queensland,366,100
303031065_4,153.086053,-27.547239,303031065,Upper Mount Gravatt,Queensland,366,100
303031066_1,153.097882,-27.557738,303031066,Wishart,Queensland,260,100
303031066_2,153.102417,-27.548198,303031066,Wishart,Queensland,260,100
303031066_3,153.098137,-27.558758,303031066,Wishart,Queensland,260,100
303041067_1,153.048705,-27.56142,303041067,Coopers Plains,Queensland,218,100
303041067_2,153.02704,-27.567019,303041067,Coopers Plains,Queensland,218,100
303041067_3,153.029862,-27.560042,303041067,Coopers Plains,Queensland,218,100
303041068_1,153.025031,-27.538527,303041068,Moorooka,Queensland,165,100
303041068_2,153.016977,-27.533308,303041068,Moorooka,Queensland,165,100
303041069_1,153.053291,-27.559645,303041069,Robertson,Queensland,302,100
303041069_2,153.059176,-27.565969,303041069,Robertson,Queensland,302,100
303041069_3,153.0655,-27.563046,303041069,Robertson,Queensland,302,100
303041069_4,153.060196,-27.568562,303041069,Robertson,Queensland,302,100
303041070_1,153.067472,-27.553381,303041070,Salisbury - Nathan,Queensland,164,100
303041070_2,153.031322,-27.545271,303041070,Salisbury - Nathan,Queensland,164,100
303041071_1,153.042115,-27.535419,303041071,Tarragindi,Queensland,160,100
303041071_2,153.056793,-27.535811,303041071,Tarragindi,Queensland,160,100
303051072_1,153.026334,-27.613916,303051072,Algester,Queensland,170,100
303051072_2,153.031284,-27.623299,303051072,Algester,Queensland,170,100
303051073_1,153.051988,-27.617449,303051073,Calamvale - Stretton,Queensland,634,100
303051073_2,153.091599,-27.642808,303051073,Calamvale - Stretton,Queensland,634,100
303051073_3,153.069005,-27.623674,303051073,Calamvale - Stretton,Queensland,634,100
303051073_4,153.080719,-27.647002,303051073,Calamvale - Stretton,Queensland,634,100
303051073_5,153.036425,-27.618169,303051073,Calamvale - Stretton,Queensland,634,100
303051073_6,153.08562,-27.628745,303051073,Calamvale - Stretton,Queensland,634,100
303051073_7,153.065186,-27.616339,303051073,Calamvale - Stretton,Queensland,634,100
303051074_1,152.991814,-27.578593,303051074,Pallara - Willawong,Queensland,107,100
303051074_2,153.000942,-27.602155,303051074,Pallara - Willawong,Queensland,107,100
303051075_1,153.036383,-27.629131,303051075,Parkinson - Drewvale,Queensland,248,100
303051075_2,153.034909,-27.630964,303051075,Parkinson - Drewvale,Queensland,248,100
303051075_3,153.028908,-27.631557,303051075,Parkinson - Drewvale,Queensland,248,100
303051076_1,153.000821,-27.549044,303051076,Rocklea - Acacia Ridge,Queensland,154,100
303051076_2,153.009356,-27.56104,303051076,Rocklea - Acacia Ridge,Queensland,154,100
303061077_1,153.096367,-27.616203,303061077,Kuraby,Queensland,219,100
303061077_2,153.090599,-27.604834,303061077,Kuraby,Queensland,219,100
303061077_3,153.097225,-27.606596,303061077,Kuraby,Queensland,219,100
303061078_1,153.078205,-27.588916,303061078,Runcorn,Queensland,540,100
303061078_2,153.067258,-27.589182,303061078,Runcorn,Queensland,540,100
303061078_3,153.073034,-27.592917,303061078,Runcorn,Queensland,540,100
303061078_4,153.093283,-27.593429,303061078,Runcorn,Queensland,540,100
303061078_5,153.070147,-27.601958,303061078,Runcorn,Queensland,540,100
303061078_6,153.082398,-27.596488,303061078,Runcorn,Queensland,540,100
303061079_1,153.061416,-27.578114,303061079,Sunnybank,Queensland,536,100
303061079_2,153.054644,-27.579037,303061079,Sunnybank,Queensland,536,100
303061079_3,153.069854,-27.574254,303061079,Sunnybank,Queensland,536,100
303061079_4,153.061132,-27.580255,303061079,Sunnybank,Queensland,536,100
303061079_5,153.06671,-27.573864,303061079,Sunnybank,Queensland,536,100
303061079_6,153.063806,-27.577332,303061079,Sunnybank,Queensland,536,100
303061080_1,153.046907,-27.596256,303061080,Sunnybank Hills,Queensland,575,100
303061080_2,153.043032,-27.582315,303061080,Sunnybank Hills,Queensland,575,100
303061080_3,153.04925,-27.598988,303061080,Sunnybank Hills,Queensland,575,100
303061080_4,153.048913,-27.600251,303061080,Sunnybank Hills,Queensland,575,100
303061080_5,153.045927,-27.591725,303061080,Sunnybank Hills,Queensland,575,100
303061080_6,153.05036,-27.582559,303061080,Sunnybank Hills,Queensland,575,100
304011081_1,152.927849,-27.547773,304011081,Jindalee - Mount Ommaney,Queensland,83,100
304011082_1,152.923173,-27.55599,304011082,Middle Park - Jamboree Heights,Queensland,79,100
304011083_1,152.896586,-27.560038,304011083,Riverhills,Queensland,34,100
304011084_1,152.959559,-27.545723,304011084,Seventeen Mile Rocks - Sinnamon Park,Queensland,61,100
304011085_1,152.919706,-27.544872,304011085,Westlake,Queensland,40,100
304021086_1,152.893391,-27.587948,304021086,Bellbowrie - Moggill,Queensland,90,100
304021087_1,152.866476,-27.446721,304021087,Brookfield - Kenmore Hills,Queensland,42,100
304021088_1,152.94278,-27.491704,304021088,Chapel Hill,Queensland,115,100
304021088_2,152.953763,-27.502827,304021088,Chapel Hill,Queensland,115,100
304021089_1,152.962792,-27.530288,304021089,Fig Tree Pocket,Queensland,35,100
304021090_1,152.93763,-27.512405,304021090,Kenmore,Queensland,109,100
304021090_2,152.931167,-27.518366,304021090,Kenmore,Queensland,109,100
304021091_1,152.866895,-27.501602,304021091,Pinjarra Hills - Pullenvale,Queensland,37,100
304031092_1,152.98397,-27.522542,304031092,Chelmer - Graceville,Queensland,62,100
304031093_1,152.977695,-27.539068,304031093,Corinda,Queensland,65,100
304031094_1,152.958987,-27.511795,304031094,Indooroopilly,Queensland,485,100
304031094_2,152.973566,-27.498521,304031094,Indooroopilly,Queensland,485,100
304031094_3,152.978404,-27.500638,304031094,Indooroopilly,Queensland,485,100
304031094_4,153.007114,-27.51719,304031094,Indooroopilly,Queensland,485,100
304031094_5,153.001766,-27.519871,304031094,Indooroopilly,Queensland,485,100
304031095_1,152.976041,-27.529477,304031095,Sherwood,Queensland,86,100
304031096_1,153.011697,-27.496147,304031096,St Lucia,Queensland,697,100
304031096_2,152.998325,-27.492759,304031096,St Lucia,Queensland,697,100
304031096_3,153.001032,-27.506001,304031096,St Lucia,Queensland,697,100
304031096_4,153.003634,-27.496447,304031096,St Lucia,Queensland,697,100
304031096_5,152.997388,-27.502972,304031096,St Lucia,Queensland,697,100
304031096_6,153.000394,-27.501435,304031096,St Lucia,Queensland,697,100
304031096_7,153.007049,-27.49821,304031096,St Lucia,Queensland,697,100
304031097_1,152.980743,-27.489229,304031097,Taringa,Queensland,235,100
304031097_2,152.989067,-27.497311,304031097,Taringa,Queensland,235,100
304031097_3,152.987321,-27.499653,304031097,Taringa,Queensland,235,100
304041098_1,152.982422,-27.414192,304041098,Enoggera,Queensland,103,100
304041098_2,152.99437,-27.416928,304041098,Enoggera,Queensland,103,100
304041100_1,152.946574,-27.417622,304041100,Keperra,Queensland,42,100
304041101_1,152.967697,-27.400767,304041101,Mitchelton,Queensland,89,100
304041103_1,152.945013,-27.440579,304041103,The Gap,Queensland,191,100
304041103_2,152.944591,-27.430468,304041103,The Gap,Queensland,191,100
304041104_1,152.938178,-27.42205,304041104,Upper Kedron - Ferny Grove,Queensland,85,100
305011105_1,153.023221,-27.467063,305011105,Brisbane City,Queensland,903,100
305011105_2,153.029399,-27.479092,305011105,Brisbane City,Queensland,903,100
305011105_3,153.013883,-27.467229,305011105,Brisbane City,Queensland,903,100
305011105_4,153.029396,-27.469862,305011105,Brisbane City,Queensland,903,100
305011105_5,153.017057,-27.467337,305011105,Brisbane City,Queensland,903,100
305011105_6,153.023791,-27.472671,305011105,Brisbane City,Queensland,903,100
305011105_7,153.031554,-27.476024,305011105,Brisbane City,Queensland,903,100
305011105_8,153.032191,-27.464148,305011105,Brisbane City,Queensland,903,100
305011105_9,153.020166,-27.463552,305011105,Brisbane City,Queensland,903,100
305011105_10,153.024507,-27.467814,305011105,Brisbane City,Queensland,903,100
305011106_1,153.032652,-27.453945,305011106,Fortitude Valley,Queensland,478,100
305011106_2,153.029772,-27.455567,305011106,Fortitude Valley,Queensland,478,100
305011106_3,153.038731,-27.450906,305011106,Fortitude Valley,Queensland,478,100
305011106_4,153.038934,-27.456339,305011106,Fortitude Valley,Queensland,478,100
305011106_5,153.036058,-27.457452,305011106,Fortitude Valley,Queensland,478,100
305011107_1,153.017453,-27.491671,305011107,Highgate Hill,Queensland,223,100
305011107_2,153.013453,-27.489295,305011107,Highgate Hill,Queensland,223,100
305011107_3,153.01159,-27.484199,305011107,Highgate Hill,Queensland,223,100
305011108_1,153.03521,-27.470703,305011108,Kangaroo Point,Queensland,462,100
305011108_2,153.03681,-27.473028,305011108,Kangaroo Point,Queensland,462,100
305011108_3,153.035914,-27.472606,305011108,Kangaroo Point,Queensland,462,100
305011108_4,153.038506,-27.4766,305011108,Kangaroo Point,Queensland,462,100
305011108_5,153.040313,-27.482582,305011108,Kangaroo Point,Queensland,462,100
305011109_1,153.043863,-27.456691,305011109,New Farm,Queensland,316,100
305011109_2,153.047129,-27.465747,305011109,New Farm,Queensland,316,100
305011109_3,153.038435,-27.461028,305011109,New Farm,Queensland,316,100
305011109_4,153.045707,-27.464983,305011109,New Farm,Queensland,316,100
305011110_1,153.028664,-27.487602,305011110,South Brisbane,Queensland,533,100
305011110_2,153.025931,-27.481255,305011110,South Brisbane,Queensland,533,100
305011110_3,153.019373,-27.47461,305011110,South Brisbane,Queensland,533,100
305011110_4,153.017048,-27.474818,305011110,South Brisbane,Queensland,533,100
305011110_5,153.020941,-27.477908,305011110,South Brisbane,Queensland,533,100
305011110_6,153.022531,-27.484366,305011110,South Brisbane,Queensland,533,100
305011111_1,153.022323,-27.459977,305011111,Spring Hill,Queensland,603,100
305011111_2,153.021851,-27.46201,305011111,Spring Hill,Queensland,603,100
305011111_3,153.024569,-27.455631,305011111,Spring Hill,Queensland,603,100
305011111_4,153.020675,-27.459123,305011111,Spring Hill,Queensland,603,100
305011111_5,153.018264,-27.459612,305011111,Spring Hill,Queensland,603,100
305011111_6,153.027101,-27.458331,305011111,Spring Hill,Queensland,603,100
305011111_7,153.027928,-27.456066,305011111,Spring Hill,Queensland,603,100
305011112_1,152.999651,-27.48416,305011112,West End,Queensland,363,100
305011112_2,153.003707,-27.479094,305011112,West End,Queensland,363,100
305011112_3,153.009822,-27.484105,305011112,West End,Queensland,363,100
305011112_4,153.009774,-27.480917,305011112,West End,Queensland,363,100
305021113_1,153.065291,-27.452303,305021113,Balmoral,Queensland,44,100
305021114_1,153.052959,-27.449049,305021114,Bulimba,Queensland,120,100
305021114_2,153.059781,-27.45186,305021114,Bulimba,Queensland,120,100
305021115_1,153.055474,-27.48308,305021115,East Brisbane,Queensland,178,100
305021115_2,153.055936,-27.481126,305021115,East Brisbane,Queensland,178,100
305021116_1,153.059628,-27.468435,305021116,Hawthorne,Queensland,77,100
305021117_1,153.076094,-27.462668,305021117,Morningside - Seven Hills,Queensland,238,100
305021117_2,153.085909,-27.451272,305021117,Morningside - Seven Hills,Queensland,238,100
305021117_3,153.079005,-27.467785,305021117,Morningside - Seven Hills,Queensland,238,100
305021118_1,153.066055,-27.474726,305021118,Norman Park,Queensland,68,100
305031119_1,153.047855,-27.430114,305031119,Albion,Queensland,81,100
305031120_1,153.000003,-27.432735,305031120,Alderley,Queensland,81,100
305031121_1,153.066535,-27.427898,305031121,Ascot,Queensland,95,100
305031122_1,153.060194,-27.414857,305031122,Clayfield,Queensland,211,100
305031122_2,153.056757,-27.413543,305031122,Clayfield,Queensland,211,100
305031122_3,153.048741,-27.415375,305031122,Clayfield,Queensland,211,100
305031123_1,153.022538,-27.421519,305031123,Grange,Queensland,55,100
305031124_1,153.07752,-27.432588,305031124,Hamilton (Qld),Queensland,154,100
305031124_2,153.049705,-27.432978,305031124,Hamilton (Qld),Queensland,154,100
305031125_1,153.069707,-27.42415,305031125,Hendra,Queensland,51,100
305031126_1,153.025576,-27.444528,305031126,Kelvin Grove - Herston,Queensland,505,100
305031126_2,153.02145,-27.447565,305031126,Kelvin Grove - Herston,Queensland,505,100
305031126_3,153.023603,-27.446167,305031126,Kelvin Grove - Herston,Queensland,505,100
305031126_4,153.015226,-27.45077,305031126,Kelvin Grove - Herston,Queensland,505,100
305031126_5,153.006078,-27.447018,305031126,Kelvin Grove - Herston,Queensland,505,100
305031126_6,153.021921,-27.44483,305031126,Kelvin Grove - Herston,Queensland,505,100
305031127_1,153.004776,-27.431644,305031127,Newmarket,Queensland,75,100
305031128_1,153.038915,-27.447688,305031128,Newstead - Bowen Hills,Queensland,256,100
305031128_2,153.041479,-27.452112,305031128,Newstead - Bowen Hills,Queensland,256,100
305031128_3,153.032888,-27.449419,305031128,Newstead - Bowen Hills,Queensland,256,100
305031129_1,153.019553,-27.432599,305031129,Wilston,Queensland,59,100
305031130_1,153.029158,-27.430926,305031130,Windsor,Queensland,163,100
305031130_2,153.03688,-27.432045,305031130,Windsor,Queensland,163,100
305031131_1,153.042918,-27.408675,305031131,Wooloowin - Lutwyche,Queensland,225,100
305031131_2,153.048111,-27.415513,305031131,Wooloowin - Lutwyche,Queensland,225,100
305031131_3,153.034747,-27.424616,305031131,Wooloowin - Lutwyche,Queensland,225,100
305041132_1,152.978841,-27.442769,305041132,Ashgrove,Queensland,210,100
305041132_2,152.98426,-27.432743,305041132,Ashgrove,Queensland,210,100
305041132_3,152.986905,-27.440073,305041132,Ashgrove,Queensland,210,100
305041133_1,152.9968,-27.477828,305041133,Auchenflower,Queensland,95,100
305041134_1,152.991006,-27.452228,305041134,Bardon,Queensland,192,100
305041134_2,152.984273,-27.466875,305041134,Bardon,Queensland,192,100
305041135_1,152.996072,-27.454856,305041135,Paddington - Milton,Queensland,188,100
305041135_2,152.993451,-27.461088,305041135,Paddington - Milton,Queensland,188,100
305041136_1,153.003984,-27.450102,305041136,Red Hill (Qld),Queensland,104,100
305041136_2,152.993359,-27.451764,305041136,Red Hill (Qld),Queensland,104,100
305041137_1,152.985671,-27.472334,305041137,Toowong,Queensland,274,100
305041137_2,152.982644,-27.477234,305041137,Toowong,Queensland,274,100
305041137_3,152.976875,-27.482179,305041137,Toowong,Queensland,274,100
306011138_1,145.7167,-16.905454,306011138,Brinsmead,Queensland,45,100
306011139_1,145.664026,-16.757485,306011139,Clifton Beach - Kewarra Beach,Queensland,138,100
306011139_2,145.679154,-16.782362,306011139,Clifton Beach - Kewarra Beach,Queensland,138,100
306011140_1,145.737975,-16.882295,306011140,Freshwater - Stratford,Queensland,43,100
306011141_1,145.700367,-16.900225,306011141,Redlynch,Queensland,101,100
306011141_2,145.677748,-16.852108,306011141,Redlynch,Queensland,101,100
306011142_1,145.696787,-16.843921,306011142,Trinity Beach - Smithfield,Queensland,205,100
306011142_2,145.70042,-16.817785,306011142,Trinity Beach - Smithfield,Queensland,205,100
306011142_3,145.687021,-16.8175,306011142,Trinity Beach - Smithfield,Queensland,205,100
306011143_1,145.737879,-16.864456,306011143,Yorkeys Knob - Machans Beach,Queensland,53,100
306021144_1,145.71952,-17.010676,306021144,Bentley Park,Queensland,39,100
306021145_1,145.765603,-16.915043,306021145,Cairns City,Queensland,546,100
306021145_2,145.775558,-16.92409,306021145,Cairns City,Queensland,546,100
306021145_3,145.765361,-16.91754,306021145,Cairns City,Queensland,546,100
306021145_4,145.766941,-16.920986,306021145,Cairns City,Queensland,546,100
306021145_5,145.770277,-16.928347,306021145,Cairns City,Queensland,546,100
306021145_6,145.760756,-16.895916,306021145,Cairns City,Queensland,546,100
306021146_1,145.728762,-16.955457,306021146,Earlville - Bayview Heights,Queensland,49,100
306021147_1,145.753239,-17.012895,306021147,Edmonton,Queensland,57,100
306021148_1,145.811159,-17.047067,306021148,Gordonvale - Trinity,Queensland,38,100
306021149_1,145.73005,-16.942179,306021149,Kanimbla - Mooroobool,Queensland,79,100
306021151_1,145.734769,-16.916161,306021151,Manoora,Queensland,63,100
306021152_1,145.749029,-16.922634,306021152,Manunda,Queensland,66,100
306021153_1,145.718331,-16.998798,306021153,Mount Sheridan,Queensland,63,100
306021154_1,145.747769,-16.930212,306021154,Westcourt - Bungalow,Queensland,119,100
306021154_2,145.763946,-16.947846,306021154,Westcourt - Bungalow,Queensland,119,100
306021155_1,145.752018,-16.981454,306021155,White Rock,Queensland,33,100
306021156_1,145.732036,-16.893837,306021156,Whitfield - Edge Hill,Queensland,82,100
306021157_1,145.745229,-16.95773,306021157,Woree,Queensland,35,100
306031158_1,146.064103,-17.485693,306031158,Babinda,Queensland,7,100
306031159_1,146.020598,-17.48982,306031159,Innisfail,Queensland,76,100
306031160_1,146.036565,-17.833242,306031160,Johnstone,Queensland,28,100
306031161_1,145.701361,-17.837737,306031161,Tully,Queensland,125,100
306031161_2,145.716813,-18.006293,306031161,Tully,Queensland,125,100
306041164_1,145.289936,-16.518764,306041164,Daintree,Queensland,34,100
306041165_1,145.478382,-16.548267,306041165,Port Douglas,Queensland,127,100
306041165_2,145.54378,-16.621933,306041165,Port Douglas,Queensland,127,100
306051166_1,145.521691,-17.305695,306051166,Atherton,Queensland,80,100
306051167_1,144.896556,-18.514153,306051167,Herberton,Queensland,18,100
306051168_1,145.517169,-16.901739,306051168,Kuranda,Queensland,24,100
306051169_1,145.592736,-17.10308,306051169,Malanda - Yungaburra,Queensland,30,100
306051170_1,145.557275,-17.071006,306051170,Mareeba,Queensland,99,100
307011171_1,147.344323,-28.744881,307011171,Balonne,Queensland,4,100
307011172_1,150.902881,-26.404554,307011172,Chinchilla,Queensland,12,100
307011173_1,150.453884,-28.348784,307011173,Goondiwindi,Queensland,16,100
307011174_1,151.469949,-28.737344,307011174,Inglewood - Waggamba,Queensland,23,100
307011175_1,149.831028,-27.036772,307011175,Miles - Wandoan,Queensland,8,100
307011176_1,148.795064,-26.584719,307011176,Roma,Queensland,19,100
307011177_1,147.497947,-25.71753,307011177,Roma Surrounds,Queensland,5,100
307011178_1,150.47048,-27.76677,307011178,Tara,Queensland,12,100
307021179_1,152.19105,-27.404855,307021179,Crows Nest - Rosalie,Queensland,13,100
307021180_1,151.321874,-27.547012,307021180,Jondaryan,Queensland,12,100
307021181_1,151.196508,-27.766994,307021181,Millmerran,Queensland,19,100
307021182_1,151.684467,-27.721306,307021182,Pittsworth,Queensland,3,100
307021183_1,151.317419,-26.612498,307021183,Wambo,Queensland,60,100
307031184_1,152.033911,-27.929565,307031184,Clifton - Greenmount,Queensland,6,100
307031185_1,152.172285,-28.077546,307031185,Southern Downs - East,Queensland,7,100
307031186_1,151.977071,-28.036645,307031186,Southern Downs - West,Queensland,9,100
307031187_1,151.94414,-28.666718,307031187,Stanthorpe,Queensland,41,100
307031188_1,151.584823,-28.884378,307031188,Stanthorpe Surrounds,Queensland,10,100
307031189_1,152.009132,-28.255106,307031189,Warwick,Queensland,42,100
308011190_1,149.112184,-23.927013,308011190,Central Highlands - East,Queensland,20,100
308011191_1,148.01027,-23.123583,308011191,Central Highlands - West,Queensland,10,100
308011192_1,148.159036,-23.515496,308011192,Emerald,Queensland,90,100
308031205_1,150.533325,-23.356473,308031205,Berserker,Queensland,23,100
308031207_1,150.778886,-23.256009,308031207,Emu Park,Queensland,9,100
308031208_1,150.599491,-23.3426,308031208,Frenchville - Mount Archer,Queensland,30,100
308031209_1,150.462221,-23.233304,308031209,Glenlee - Rockyview,Queensland,12,100
308031210_1,150.348893,-23.482575,308031210,Gracemere,Queensland,25,100
308031211_1,150.546091,-23.364163,308031211,Lakes Creek,Queensland,28,100
308031212_1,150.304734,-23.73491,308031212,Mount Morgan,Queensland,2,100
308031213_1,150.544192,-23.286091,308031213,Norman Gardens,Queensland,54,100
308031214_1,150.512607,-23.373765,308031214,Park Avenue,Queensland,24,100
308031215_1,150.520764,-23.282351,308031215,Parkhurst - Kawana,Queensland,21,100
308031216_1,150.441707,-23.392797,308031216,Rockhampton - West,Queensland,21,100
308031217_1,150.567266,-23.414701,308031217,Rockhampton City,Queensland,18,100
308031219_1,149.839924,-22.776391,308031219,Rockhampton Surrounds - North,Queensland,8,100
308031220_1,149.792057,-23.186019,308031220,Rockhampton Surrounds - West,Queensland,2,100
308031222_1,150.499254,-23.402956,308031222,The Range - Allenstown,Queensland,78,100
308031223_1,150.741477,-23.186866,308031223,Yeppoon,Queensland,72,100
308041528_1,149.246355,-25.295262,308041528,Banana,Queensland,15,100
308041529_1,150.531505,-24.398764,308041529,Biloela,Queensland,46,100
308051530_1,151.532915,-24.033477,308051530,Agnes Water - Miriam Vale,Queensland,29,100
308051531_1,151.36937,-23.978375,308051531,Boyne Island - Tannum Sands,Queensland,44,100
308051533_1,151.240695,-23.89297,308051533,Clinton - New Auckland,Queensland,73,100
308051534_1,151.261263,-23.851598,308051534,Gladstone,Queensland,96,100
308051535_1,151.189617,-24.028395,308051535,Gladstone Hinterland,Queensland,12,100
308051536_1,151.257816,-23.876579,308051536,Kin Kora - Sun Valley,Queensland,4,100
308051538_1,151.268801,-23.931898,308051538,Telina - Toolooa,Queensland,20,100
308051539_1,151.253327,-23.860738,308051539,West Gladstone,Queensland,37,100
309011224_1,153.408043,-28.022963,309011224,Broadbeach Waters,Queensland,167,100
309011224_2,153.424804,-28.033283,309011224,Broadbeach Waters,Queensland,167,100
309011225_1,153.414709,-28.103568,309011225,Burleigh Heads,Queensland,176,100
309011225_2,153.406225,-28.106027,309011225,Burleigh Heads,Queensland,176,100
309011226_1,153.42198,-28.099458,309011226,Burleigh Waters,Queensland,144,100
309011226_2,153.437922,-28.090086,309011226,Burleigh Waters,Queensland,144,100
309011227_1,153.436999,-28.048068,309011227,Mermaid Beach - Broadbeach,Queensland,382,100
309011227_2,153.430709,-28.029797,309011227,Mermaid Beach - Broadbeach,Queensland,382,100
309011227_3,153.428758,-28.033683,309011227,Mermaid Beach - Broadbeach,Queensland,382,100
309011227_4,153.433104,-28.032051,309011227,Mermaid Beach - Broadbeach,Queensland,382,100
309011228_1,153.423608,-28.048497,309011228,Mermaid Waters,Queensland,208,100
309011228_2,153.428234,-28.054955,309011228,Mermaid Waters,Queensland,208,100
309011228_3,153.424273,-28.053971,309011228,Mermaid Waters,Queensland,208,100
309011229_1,153.440127,-28.064425,309011229,Miami,Queensland,162,100
309011229_2,153.446015,-28.07647,309011229,Miami,Queensland,162,100
309021230_1,153.534442,-28.175294,309021230,Coolangatta,Queensland,161,100
309021230_2,153.53772,-28.173063,309021230,Coolangatta,Queensland,161,100
309021231_1,153.49992,-28.151898,309021231,Currumbin - Tugun,Queensland,188,100
309021231_2,153.484822,-28.141586,309021231,Currumbin - Tugun,Queensland,188,100
309021232_1,153.460155,-28.150061,309021232,Currumbin Waters,Queensland,60,100
309021233_1,153.447935,-28.147518,309021233,Elanora,Queensland,87,100
309021234_1,153.460447,-28.10233,309021234,Palm Beach,Queensland,222,100
309021234_2,153.459259,-28.114422,309021234,Palm Beach,Queensland,222,100
309021234_3,153.45568,-28.115033,309021234,Palm Beach,Queensland,222,100
309031235_1,153.375092,-27.945014,309031235,Arundel,Queensland,162,100
309031235_2,153.352672,-27.941161,309031235,Arundel,Queensland,162,100
309031236_1,153.376465,-27.930955,309031236,Biggera Waters,Queensland,222,100
309031236_2,153.403933,-27.933173,309031236,Biggera Waters,Queensland,222,100
309031236_3,153.394339,-27.930883,309031236,Biggera Waters,Queensland,222,100
309031237_1,153.357694,-27.912938,309031237,Coombabah,Queensland,91,100
309031238_1,153.388653,-27.938584,309031238,Labrador,Queensland,311,100
309031238_2,153.40364,-27.949424,309031238,Labrador,Queensland,311,100
309031238_3,153.393079,-27.954449,309031238,Labrador,Queensland,311,100
309031238_4,153.391454,-27.938752,309031238,Labrador,Queensland,311,100
309031239_1,153.399824,-27.894399,309031239,Paradise Point - Hollywell,Queensland,126,100
309031239_2,153.392532,-27.8866,309031239,Paradise Point - Hollywell,Queensland,126,100
309031240_1,153.402456,-27.908804,309031240,Runaway Bay,Queensland,101,100
309031240_2,153.392078,-27.918741,309031240,Runaway Bay,Queensland,101,100
309041241_1,153.277998,-28.125322,309041241,Guanaba - Springbrook,Queensland,18,100
309041242_1,153.133967,-28.056525,309041242,Tamborine - Canungra,Queensland,98,100
309051243_1,153.385865,-28.224556,309051243,Currumbin Valley - Tallebudgera,Queensland,60,100
309051244_1,153.367579,-28.143861,309051244,Mudgeeraba - Bonogin,Queensland,148,100
309051244_2,153.384455,-28.136823,309051244,Mudgeeraba - Bonogin,Queensland,148,100
309051245_1,153.398679,-28.109572,309051245,Reedy Creek - Andrews,Queensland,88,100
309061246_1,153.368843,-28.043351,309061246,Carrara,Queensland,134,100
309061246_2,153.355412,-28.005136,309061246,Carrara,Queensland,134,100
309061247_1,153.328379,-28.01348,309061247,Highland Park,Queensland,49,100
309061248_1,153.304699,-28.00415,309061248,Nerang - Mount Nathan,Queensland,155,100
309061248_2,153.310121,-27.995656,309061248,Nerang - Mount Nathan,Queensland,155,100
309061249_1,153.339812,-27.961576,309061249,Pacific Pines - Gaven,Queensland,168,100
309061249_2,153.337264,-27.952456,309061249,Pacific Pines - Gaven,Queensland,168,100
309061250_1,153.31276,-28.047586,309061250,Worongary - Tallai,Queensland,54,100
309071251_1,153.322681,-27.87007,309071251,Coomera,Queensland,255,100
309071251_2,153.321821,-27.86959,309071251,Coomera,Queensland,255,100
309071251_3,153.336876,-27.857936,309071251,Coomera,Queensland,255,100
309071252_1,153.347318,-27.916252,309071252,Helensvale,Queensland,178,100
309071252_2,153.346444,-27.931524,309071252,Helensvale,Queensland,178,100
309071253_1,153.410448,-27.856459,309071253,Hope Island,Queensland,231,100
309071253_2,153.356496,-27.847383,309071253,Hope Island,Queensland,231,100
309071253_3,153.397456,-27.798156,309071253,Hope Island,Queensland,231,100
309071254_1,153.311301,-27.722223,309071254,Jacobs Well - Alberton,Queensland,17,100
309071256_1,153.294465,-27.897585,309071256,Oxenford - Maudsland,Queensland,106,100
309071256_2,153.280383,-27.929066,309071256,Oxenford - Maudsland,Queensland,106,100
309071552_1,153.239665,-27.719035,309071552,Ormeau (East) - Stapylton,Queensland,81,100
309071553_1,153.184562,-27.789381,309071553,Ormeau (West) - Yatala,Queensland,93,100
309071554_1,153.304108,-27.804019,309071554,Pimpama - North,Queensland,75,100
309071555_1,153.312304,-27.831529,309071555,Pimpama - South,Queensland,88,100
309071556_1,153.257686,-27.879305,309071556,Upper Coomera (South) - Wongawallan,Queensland,102,100
309071556_2,153.250863,-27.884522,309071556,Upper Coomera (South) - Wongawallan,Queensland,102,100
309071557_1,153.29364,-27.841038,309071557,Upper Coomera - North,Queensland,221,100
309071557_2,153.311386,-27.874205,309071557,Upper Coomera - North,Queensland,221,100
309071557_3,153.292837,-27.885998,309071557,Upper Coomera - North,Queensland,221,100
309071558_1,153.275329,-27.827599,309071558,Willow Vale - Pimpama (West),Queensland,54,100
309081259_1,153.390849,-28.034743,309081259,Clear Island Waters,Queensland,60,100
309081260_1,153.36975,-28.049046,309081260,Merrimac,Queensland,82,100
309081262_1,153.405625,-28.097027,309081262,Varsity Lakes,Queensland,321,100
309081262_2,153.407409,-28.079084,309081262,Varsity Lakes,Queensland,321,100
309081262_3,153.406711,-28.080652,309081262,Varsity Lakes,Queensland,321,100
309081262_4,153.406778,-28.07959,309081262,Varsity Lakes,Queensland,321,100
309081559_1,153.401135,-28.080494,309081559,Robina - East,Queensland,289,100
309081559_2,153.395795,-28.086075,309081559,Robina - East,Queensland,289,100
309081559_3,153.404501,-28.054426,309081559,Robina - East,Queensland,289,100
309081560_1,153.367196,-28.066771,309081560,Robina - West,Queensland,130,100
309081560_2,153.371856,-28.076737,309081560,Robina - West,Queensland,130,100
309091263_1,153.378829,-27.985257,309091263,Ashmore,Queensland,153,100
309091263_2,153.386798,-27.995836,309091263,Ashmore,Queensland,153,100
309091264_1,153.357342,-27.971676,309091264,Molendinar,Queensland,87,100
309091265_1,153.362679,-27.955256,309091265,Parkwood,Queensland,122,100
309091265_2,153.365365,-27.959642,309091265,Parkwood,Queensland,122,100
309091540_1,153.411048,-27.961531,309091540,Southport - North,Queensland,553,100
309091540_2,153.379314,-27.959505,309091540,Southport - North,Queensland,553,100
309091540_3,153.412635,-27.971874,309091540,Southport - North,Queensland,553,100
309091540_4,153.393395,-27.965037,309091540,Southport - North,Queensland,553,100
309091540_5,153.41743,-27.968766,309091540,Southport - North,Queensland,553,100
309091540_6,153.409596,-27.970219,309091540,Southport - North,Queensland,553,100
309091541_1,153.407212,-27.975674,309091541,Southport - South,Queensland,387,100
309091541_2,153.410534,-27.992909,309091541,Southport - South,Queensland,387,100
309091541_3,153.412875,-27.97938,309091541,Southport - South,Queensland,387,100
309091541_4,153.399229,-27.980813,309091541,Southport - South,Queensland,387,100
309101267_1,153.382051,-28.007027,309101267,Benowa,Queensland,146,100
309101267_2,153.386069,-28.007103,309101267,Benowa,Queensland,146,100
309101268_1,153.406008,-28.00675,309101268,Bundall,Queensland,71,100
309101269_1,153.429213,-27.953923,309101269,Main Beach,Queensland,80,100
309101561_1,153.416494,-27.998269,309101561,Surfers Paradise - North,Queensland,546,100
309101561_2,153.423258,-27.998438,309101561,Surfers Paradise - North,Queensland,546,100
309101561_3,153.426834,-27.990325,309101561,Surfers Paradise - North,Queensland,546,100
309101561_4,153.43086,-28.000682,309101561,Surfers Paradise - North,Queensland,546,100
309101561_5,153.418439,-27.99368,309101561,Surfers Paradise - North,Queensland,546,100
309101561_6,153.424528,-28.000195,309101561,Surfers Paradise - North,Queensland,546,100
309101562_1,153.412695,-28.013724,309101562,Surfers Paradise - South,Queensland,614,100
309101562_2,153.41567,-28.011415,309101562,Surfers Paradise - South,Queensland,614,100
309101562_3,153.422311,-28.003218,309101562,Surfers Paradise - South,Queensland,614,100
309101562_4,153.423206,-28.008249,309101562,Surfers Paradise - South,Queensland,614,100
309101562_5,153.423591,-28.007007,309101562,Surfers Paradise - South,Queensland,614,100
309101562_6,153.415167,-28.001132,309101562,Surfers Paradise - South,Queensland,614,100
309101562_7,153.417329,-28.000164,309101562,Surfers Paradise - South,Queensland,614,100
310011271_1,152.96609,-27.572142,310011271,Darra - Sumner,Queensland,98,100
310011272_1,152.979971,-27.578296,310011272,Durack,Queensland,147,100
310011272_2,152.991009,-27.599061,310011272,Durack,Queensland,147,100
310011274_1,152.956004,-27.586811,310011274,Inala - Richlands,Queensland,345,100
310011274_2,152.956047,-27.597585,310011274,Inala - Richlands,Queensland,345,100
310011274_3,152.963328,-27.591099,310011274,Inala - Richlands,Queensland,345,100
310011274_4,152.976124,-27.603201,310011274,Inala - Richlands,Queensland,345,100
310011275_1,152.986071,-27.571518,310011275,Oxley (Qld),Queensland,91,100
310011276_1,152.918702,-27.591628,310011276,Wacol,Queensland,33,100
310011563_1,152.990088,-27.611351,310011563,Doolandella,Queensland,128,100
310011563_2,152.979206,-27.607545,310011563,Doolandella,Queensland,128,100
310011564_1,152.950831,-27.623028,310011564,Forest Lake - Ellen Grove,Queensland,315,100
310011564_2,152.975374,-27.633296,310011564,Forest Lake - Ellen Grove,Queensland,315,100
310011564_3,152.975127,-27.632697,310011564,Forest Lake - Ellen Grove,Queensland,315,100
310011564_4,152.947681,-27.617504,310011564,Forest Lake - Ellen Grove,Queensland,315,100
310021277_1,152.509221,-27.82468,310021277,Boonah,Queensland,38,100
310021278_1,152.618964,-27.15434,310021278,Esk,Queensland,12,100
310021280_1,152.38689,-27.533014,310021280,Lockyer Valley - East,Queensland,89,100
310021281_1,152.581513,-27.438298,310021281,Lowood,Queensland,35,100
310021282_1,152.682163,-27.582795,310021282,Rosewood,Queensland,45,100
310031283_1,152.735065,-27.591236,310031283,Brassall,Queensland,56,100
310031284_1,152.795682,-27.63966,310031284,Bundamba,Queensland,61,100
310031285_1,152.754955,-27.658927,310031285,Churchill - Yamanto,Queensland,20,100
310031286_1,152.764966,-27.616269,310031286,Ipswich - Central,Queensland,49,100
310031287_1,152.769641,-27.596976,310031287,Ipswich - East,Queensland,97,100
310031288_1,152.768238,-27.532781,310031288,Ipswich - North,Queensland,25,100
310031289_1,152.835857,-27.533697,310031289,Karalee - Barellan Point,Queensland,22,100
310031290_1,152.764945,-27.522239,310031290,Karana Downs,Queensland,46,100
310031291_1,152.73061,-27.620045,310031291,Leichhardt - One Mile,Queensland,45,100
310031292_1,152.766187,-27.61105,310031292,North Ipswich - Tivoli,Queensland,23,100
310031293_1,152.774108,-27.638586,310031293,Raceview,Queensland,71,100
310031294_1,152.841515,-27.697876,310031294,Ripley,Queensland,44,100
310031295_1,152.84133,-27.588135,310031295,Riverview,Queensland,15,100
310041297_1,152.916612,-27.629792,310041297,Camira - Gailes,Queensland,56,100
310041299_1,152.85924,-27.610736,310041299,Collingwood Park - Redbank,Queensland,97,100
310041300_1,152.892754,-27.619407,310041300,Goodna,Queensland,117,100
310041300_2,152.901729,-27.620931,310041300,Goodna,Queensland,117,100
310041302_1,152.860987,-27.670438,310041302,Redbank Plains,Queensland,299,100
310041302_2,152.856698,-27.664959,310041302,Redbank Plains,Queensland,299,100
310041302_3,152.827912,-27.634912,310041302,Redbank Plains,Queensland,299,100
310041303_1,152.916539,-27.65966,310041303,Springfield,Queensland,84,100
310041304_1,152.906217,-27.674936,310041304,Springfield Lakes,Queensland,301,100
310041304_2,152.878022,-27.687593,310041304,Springfield Lakes,Queensland,301,100
310041304_3,152.917987,-27.680441,310041304,Springfield Lakes,Queensland,301,100
310041304_4,152.922803,-27.689846,310041304,Springfield Lakes,Queensland,301,100
310041565_1,152.875351,-27.671328,310041565,Augustine Heights - Brookwater,Queensland,110,100
310041565_2,152.873914,-27.655583,310041565,Augustine Heights - Brookwater,Queensland,110,100
310041566_1,152.885302,-27.630551,310041566,Bellbird Park,Queensland,89,100
311011305_1,152.797624,-28.048546,311011305,Beaudesert,Queensland,49,100
311021306_1,153.182499,-27.724341,311021306,Beenleigh,Queensland,86,100
311021307_1,153.213276,-27.684817,311021307,Eagleby,Queensland,137,100
311021307_2,153.214954,-27.684626,311021307,Eagleby,Queensland,137,100
311021308_1,153.171405,-27.722761,311021308,Edens Landing - Holmview,Queensland,70,100
311021309_1,153.202467,-27.738353,311021309,Mount Warren Park,Queensland,30,100
311021310_1,153.170268,-27.735501,311021310,Wolffdene - Bahrs Scrub,Queensland,38,100
311031311_1,153.029097,-27.710656,311031311,Boronia Heights - Park Ridge,Queensland,135,100
311031311_2,153.01848,-27.689392,311031311,Boronia Heights - Park Ridge,Queensland,135,100
311031312_1,153.066964,-27.657318,311031312,Browns Plains,Queensland,103,100
311031312_2,153.071331,-27.660111,311031312,Browns Plains,Queensland,103,100
311031313_1,153.066704,-27.731723,311031313,Chambers Flat - Logan Reserve,Queensland,89,100
311031314_1,153.100483,-27.6892,311031314,Crestmead,Queensland,98,100
311031316_1,153.017771,-27.664888,311031316,Hillcrest,Queensland,72,100
311031317_1,153.084127,-27.670844,311031317,Marsden,Queensland,221,100
311031317_2,153.113446,-27.67539,311031317,Marsden,Queensland,221,100
311031317_3,153.108555,-27.677602,311031317,Marsden,Queensland,221,100
311031318_1,153.056843,-27.74091,311031318,Munruben - Park Ridge South,Queensland,21,100
311031319_1,153.06657,-27.671665,311031319,Regents Park - Heritage Park,Queensland,140,100
311031319_2,153.039217,-27.684671,311031319,Regents Park - Heritage Park,Queensland,140,100
311041322_1,153.046173,-27.78688,311041322,Logan Village,Queensland,33,100
311041567_1,152.972205,-27.83642,311041567,Flagstone (East) - Riverbend,Queensland,33,100
311041568_1,152.83688,-27.842551,311041568,Flagstone (West) - New Beith,Queensland,38,100
311041569_1,152.958961,-27.683779,311041569,Greenbank - North Maclean,Queensland,37,100
311041570_1,153.005088,-27.867056,311041570,Jimboomba - Glenlogan,Queensland,62,100
311041571_1,153.127917,-27.851506,311041571,Yarrabilba,Queensland,51,100
311051323_1,153.150519,-27.684544,311051323,Bethania - Waterford,Queensland,124,100
311051323_2,153.159956,-27.693487,311051323,Bethania - Waterford,Queensland,124,100
311051324_1,153.196693,-27.66932,311051324,Cornubia - Carbrook,Queensland,66,100
311051325_1,153.183712,-27.693332,311051325,Loganholme - Tanah Merah,Queensland,70,100
311051326_1,153.134677,-27.656075,311051326,Loganlea,Queensland,184,100
311051326_2,153.151052,-27.675031,311051326,Loganlea,Queensland,184,100
311051327_1,153.178211,-27.657392,311051327,Shailer Park,Queensland,115,100
311051327_2,153.177975,-27.63794,311051327,Shailer Park,Queensland,115,100
311051328_1,153.143346,-27.699485,311051328,Waterford West,Queensland,74,100
311061329_1,153.153767,-27.639307,311061329,Daisy Hill,Queensland,101,100
311061329_2,153.14886,-27.644225,311061329,Daisy Hill,Queensland,101,100
311061330_1,153.107631,-27.65447,311061330,Kingston (Qld),Queensland,155,100
311061330_2,153.117437,-27.667636,311061330,Kingston (Qld),Queensland,155,100
311061331_1,153.111414,-27.643471,311061331,Logan Central,Queensland,163,100
311061331_2,153.09924,-27.640833,311061331,Logan Central,Queensland,163,100
311061332_1,153.173773,-27.606626,311061332,Rochedale South - Priestdale,Queensland,107,100
311061332_2,153.172489,-27.622752,311061332,Rochedale South - Priestdale,Queensland,107,100
311061333_1,153.136242,-27.645501,311061333,Slacks Creek,Queensland,117,100
311061333_2,153.125675,-27.640731,311061333,Slacks Creek,Queensland,117,100
311061334_1,153.125329,-27.614545,311061334,Springwood,Queensland,117,100
311061334_2,153.137645,-27.62674,311061334,Springwood,Queensland,117,100
311061335_1,153.107059,-27.610963,311061335,Underwood,Queensland,118,100
311061335_2,153.112635,-27.601434,311061335,Underwood,Queensland,118,100
311061336_1,153.113813,-27.625007,311061336,Woodridge,Queensland,307,100
311061336_2,153.105921,-27.632775,311061336,Woodridge,Queensland,307,100
311061336_3,153.097779,-27.620946,311061336,Woodridge,Queensland,307,100
311061336_4,153.102673,-27.622667,311061336,Woodridge,Queensland,307,100
312011337_1,148.26047,-19.980344,312011337,Bowen,Queensland,165,100
312011337_2,148.22336,-20.029987,312011337,Bowen,Queensland,165,100
312011338_1,148.390583,-22.040067,312011338,Broadsound - Nebo,Queensland,29,100
312011339_1,146.62207,-22.535922,312011339,Clermont,Queensland,9,100
312011340_1,147.387923,-21.456734,312011340,Collinsville,Queensland,2,100
312011341_1,147.909142,-22.220299,312011341,Moranbah,Queensland,55,100
312021342_1,149.16103,-21.092616,312021342,Andergrove - Beaconsfield,Queensland,58,100
312021343_1,149.208969,-21.144074,312021343,East Mackay,Queensland,21,100
312021344_1,149.17534,-21.037608,312021344,Eimeo - Rural View,Queensland,61,100
312021346_1,149.179453,-21.137468,312021346,Mackay,Queensland,59,100
312021347_1,149.221598,-21.14287,312021347,Mackay Harbour,Queensland,8,100
312021348_1,149.09841,-21.112325,312021348,Mount Pleasant - Glenella,Queensland,44,100
312021349_1,149.194625,-21.136357,312021349,North Mackay,Queensland,23,100
312021350_1,149.175808,-21.218211,312021350,Ooralea - Bakers Creek,Queensland,35,100
312021351_1,148.772328,-21.09773,312021351,Pioneer Valley,Queensland,9,100
312021352_1,149.017426,-21.680857,312021352,Sarina,Queensland,23,100
312021353_1,148.689355,-21.043428,312021353,Seaforth - Calen,Queensland,14,100
312021354_1,149.159803,-21.025273,312021354,Shoal Point - Bucasia,Queensland,20,100
312021355_1,149.22879,-21.074276,312021355,Slade Point,Queensland,7,100
312021356_1,149.17629,-21.158684,312021356,South Mackay,Queensland,42,100
312021357_1,149.042259,-21.161256,312021357,Walkerston - Eton,Queensland,10,100
312021358_1,149.156451,-21.160649,312021358,West Mackay,Queensland,48,100
312031359_1,148.675061,-20.294813,312031359,Airlie - Whitsundays,Queensland,255,100
312031359_2,148.635625,-20.22027,312031359,Airlie - Whitsundays,Queensland,255,100
312031359_3,148.785756,-20.285827,312031359,Airlie - Whitsundays,Queensland,255,100
312031361_1,148.550817,-20.104996,312031361,Proserpine,Queensland,14,100
313011362_1,153.104228,-27.081634,313011362,Beachmere - Sandstone Point,Queensland,59,100
313011363_1,153.127416,-27.021438,313011363,Bribie Island,Queensland,136,100
313011363_2,153.135369,-27.036946,313011363,Bribie Island,Queensland,136,100
313021364_1,152.981992,-27.143114,313021364,Burpengary - East,Queensland,36,100
313021366_1,152.932209,-27.111614,313021366,Caboolture - South,Queensland,197,100
313021366_2,152.932104,-27.112703,313021366,Caboolture - South,Queensland,197,100
313021367_1,152.950514,-27.017292,313021367,Elimbah,Queensland,11,100
313021368_1,152.974112,-27.091366,313021368,Morayfield - East,Queensland,113,100
313021368_2,152.960218,-27.108407,313021368,Morayfield - East,Queensland,113,100
313021369_1,152.872616,-27.076652,313021369,Wamuran,Queensland,49,100
313021572_1,152.996246,-27.067643,313021572,Caboolture - East,Queensland,282,100
313021572_2,152.973096,-27.052382,313021572,Caboolture - East,Queensland,282,100
313021572_3,152.965255,-27.058525,313021572,Caboolture - East,Queensland,282,100
313021573_1,152.934691,-27.080469,313021573,Caboolture - West,Queensland,136,100
313021573_2,152.905526,-27.036155,313021573,Caboolture - West,Queensland,136,100
313031370_1,152.26114,-26.754666,313031370,Kilcoy,Queensland,48,100
313031371_1,152.76684,-26.975149,313031371,Woodford - D'Aguilar,Queensland,28,100
313041372_1,152.961013,-27.142499,313041372,Burpengary,Queensland,94,100
313041373_1,153.014146,-27.192176,313041373,Deception Bay,Queensland,161,100
313041373_2,153.029241,-27.189809,313041373,Deception Bay,Queensland,161,100
313041374_1,152.928682,-27.131904,313041374,Morayfield,Queensland,45,100
313041375_1,152.966506,-27.191204,313041375,Narangba,Queensland,91,100
313041376_1,152.861893,-27.163038,313041376,Upper Caboolture,Queensland,3,100
313051377_1,153.083724,-27.235928,313051377,Clontarf,Queensland,69,100
313051378_1,153.109637,-27.246602,313051378,Margate - Woody Point,Queensland,90,100
313051379_1,153.103144,-27.223085,313051379,Redcliffe,Queensland,92,100
313051380_1,153.091606,-27.220628,313051380,Rothwell - Kippa-Ring,Queensland,100,100
313051574_1,153.396413,-27.068843,313051574,Moreton Island,Queensland,3,100
313051575_1,153.113303,-27.208679,313051575,Scarborough - Newport,Queensland,136,100
313051575_2,153.093356,-27.213767,313051575,Scarborough - Newport,Queensland,136,100
314011382_1,152.979122,-27.342801,314011382,Albany Creek,Queensland,89,100
314011383_1,152.917647,-27.312749,314011383,Cashmere,Queensland,124,100
314011383_2,152.879069,-27.300745,314011383,Cashmere,Queensland,124,100
314011384_1,152.834007,-27.26449,314011384,Dayboro,Queensland,36,100
314011385_1,152.932172,-27.348328,314011385,Eatons Hill,Queensland,42,100
314011386_1,152.942513,-27.385098,314011386,The Hills District,Queensland,174,100
314011386_2,152.939241,-27.374616,314011386,The Hills District,Queensland,174,100
314011387_1,152.849219,-27.390201,314011387,Samford Valley,Queensland,73,100
314021389_1,153.014242,-27.275613,314021389,Murrumba Downs - Griffin,Queensland,218,100
314021389_2,153.015886,-27.283039,314021389,Murrumba Downs - Griffin,Queensland,218,100
314021389_3,153.008783,-27.270086,314021389,Murrumba Downs - Griffin,Queensland,218,100
314021576_1,152.985602,-27.222148,314021576,Dakabin,Queensland,37,100
314021577_1,152.995655,-27.242882,314021577,Kallangur,Queensland,149,100
314021577_2,152.98559,-27.256298,314021577,Kallangur,Queensland,149,100
314021578_1,153.0415,-27.227147,314021578,Mango Hill,Queensland,200,100
314021578_2,153.034845,-27.235626,314021578,Mango Hill,Queensland,200,100
314021579_1,153.024438,-27.231063,314021579,North Lakes,Queensland,382,100
314021579_2,153.018263,-27.241045,314021579,North Lakes,Queensland,382,100
314021579_3,153.008923,-27.220025,314021579,North Lakes,Queensland,382,100
314021579_4,153.012552,-27.205569,314021579,North Lakes,Queensland,382,100
314031391_1,152.97234,-27.296782,314031391,Bray Park,Queensland,77,100
314031392_1,152.985736,-27.279414,314031392,Lawnton,Queensland,58,100
314031393_1,152.962981,-27.26985,314031393,Petrie,Queensland,69,100
314031394_1,152.977254,-27.317817,314031394,Strathpine - Brendale,Queensland,166,100
314031394_2,152.986156,-27.314613,314031394,Strathpine - Brendale,Queensland,166,100
315011396_1,143.792771,-16.094755,315011396,Cape York,Queensland,51,100
315011397_1,144.563015,-18.058338,315011397,Croydon - Etheridge,Queensland,2,100
315011400_1,143.056699,-17.124346,315011400,Tablelands,Queensland,27,100
315011401_1,142.317382,-10.614623,315011401,Torres,Queensland,2,100
315011403_1,141.87938,-12.640501,315011403,Weipa,Queensland,10,100
315021404_1,137.998544,-18.982524,315021404,Carpentaria,Queensland,3,100
315021405_1,139.547238,-20.760997,315021405,Mount Isa,Queensland,162,100
315021405_2,139.495684,-20.691085,315021405,Mount Isa,Queensland,162,100
315021406_1,139.900758,-21.749029,315021406,Mount Isa Surrounds,Queensland,10,100
315021407_1,144.548891,-20.708303,315021407,Northern Highlands,Queensland,7,100
315031408_1,146.103117,-23.416355,315031408,Barcaldine - Blackall,Queensland,12,100
315031409_1,146.855576,-26.45139,315031409,Charleville,Queensland,13,100
315031410_1,138.396188,-24.147698,315031410,Far Central West,Queensland,8,100
315031412_1,143.490582,-23.565461,315031412,Longreach,Queensland,14,100
316011413_1,153.089867,-26.678434,316011413,Buderim - North,Queensland,146,100
316011413_2,153.042329,-26.669305,316011413,Buderim - North,Queensland,146,100
316011414_1,153.046561,-26.709819,316011414,Buderim - South,Queensland,160,100
316011414_2,153.01903,-26.696291,316011414,Buderim - South,Queensland,160,100
316011415_1,153.111687,-26.712029,316011415,Mountain Creek,Queensland,166,100
316011415_2,153.107078,-26.69234,316011415,Mountain Creek,Queensland,166,100
316011416_1,153.085265,-26.727923,316011416,Sippy Downs,Queensland,178,100
316011416_2,153.080753,-26.7167,316011416,Sippy Downs,Queensland,178,100
316021417_1,153.114761,-26.783705,316021417,Aroona - Currimundi,Queensland,51,100
316021418_1,153.126062,-26.687149,316021418,Buddina - Minyama,Queensland,75,100
316021419_1,153.122027,-26.792455,316021419,Caloundra - Kings Beach,Queensland,111,100
316021419_2,153.143962,-26.802768,316021419,Caloundra - Kings Beach,Queensland,111,100
316021421_1,153.09599,-26.833444,316021421,Golden Beach - Pelican Waters,Queensland,112,100
316021421_2,153.096838,-26.844535,316021421,Golden Beach - Pelican Waters,Queensland,112,100
316021422_1,153.129445,-26.793516,316021422,Moffat Beach - Battery Hill,Queensland,78,100
316021423_1,153.121196,-26.708474,316021423,Parrearra - Warana,Queensland,93,100
316021424_1,153.13548,-26.756286,316021424,Wurtulla - Birtinya,Queensland,91,100
316021580_1,153.052889,-26.810756,316021580,Caloundra West - Baringa,Queensland,92,100
316021581_1,153.086482,-26.748112,316021581,Meridan Plains - Little Mountain (North),Queensland,83,100
316031425_1,153.088435,-26.512362,316031425,Coolum Beach,Queensland,160,100
316031425_2,153.082351,-26.566514,316031425,Coolum Beach,Queensland,160,100
316031426_1,153.067073,-26.626896,316031426,Marcoola - Mudjimba,Queensland,116,100
316031426_2,153.078125,-26.589576,316031426,Marcoola - Mudjimba,Queensland,116,100
316031427_1,153.079366,-26.656743,316031427,Maroochydore - Kuluin,Queensland,291,100
316031427_2,153.081625,-26.660218,316031427,Maroochydore - Kuluin,Queensland,291,100
316031427_3,153.0877,-26.663348,316031427,Maroochydore - Kuluin,Queensland,291,100
316031428_1,153.110043,-26.685508,316031428,Mooloolaba - Alexandra Headland,Queensland,227,100
316031428_2,153.117559,-26.686644,316031428,Mooloolaba - Alexandra Headland,Queensland,227,100
316031428_3,153.098415,-26.668196,316031428,Mooloolaba - Alexandra Headland,Queensland,227,100
316051434_1,153.086782,-26.393035,316051434,Noosa Heads,Queensland,96,100
316051435_1,153.06976,-26.435131,316051435,Noosaville,Queensland,102,100
316051435_2,153.045037,-26.403025,316051435,Noosaville,Queensland,102,100
316051437_1,153.11418,-26.397958,316051437,Sunshine Beach,Queensland,126,100
316051437_2,153.104346,-26.403816,316051437,Sunshine Beach,Queensland,126,100
316051438_1,153.042925,-26.395344,316051438,Tewantin,Queensland,87,100
316051543_1,153.085136,-26.472636,316051543,Peregian Beach - Marcus Beach,Queensland,53,100
316051544_1,153.06505,-26.488993,316051544,Peregian Springs,Queensland,112,100
316051544_2,153.068937,-26.485339,316051544,Peregian Springs,Queensland,112,100
316061439_1,152.944705,-26.858844,316061439,Beerwah,Queensland,53,100
316061440_1,152.817232,-26.747488,316061440,Caloundra Hinterland,Queensland,35,100
316061441_1,153.009822,-26.975629,316061441,Glass House Mountains,Queensland,40,100
316061442_1,152.9857,-26.82389,316061442,Landsborough,Queensland,73,100
316061443_1,152.696229,-26.590082,316061443,Maroochy Hinterland,Queensland,32,100
316061444_1,152.988915,-26.697876,316061444,Palmwoods,Queensland,63,100
316071545_1,152.974519,-26.601606,316071545,Bli Bli,Queensland,52,100
316071546_1,153.044829,-26.637339,316071546,Diddillibah - Rosemount,Queensland,29,100
316071547_1,153.07397,-26.558926,316071547,Eumundi - Yandina,Queensland,62,100
316071548_1,152.933517,-26.610761,316071548,Nambour,Queensland,120,100
316071548_2,152.934742,-26.598215,316071548,Nambour,Queensland,120,100
316081549_1,153.043966,-26.220232,316081549,Noosa Hinterland,Queensland,122,100
316081549_2,153.012379,-26.452036,316081549,Noosa Hinterland,Queensland,122,100
317011445_1,151.825621,-27.735075,317011445,Cambooya - Wyreema,Queensland,13,100
317011446_1,151.938663,-27.621735,317011446,Darling Heights,Queensland,287,100
317011446_2,151.929802,-27.599774,317011446,Darling Heights,Queensland,287,100
317011446_3,151.936714,-27.6018,317011446,Darling Heights,Queensland,287,100
317011447_1,151.938325,-27.585842,317011447,Drayton - Harristown,Queensland,67,100
317011448_1,152.246587,-27.55963,317011448,Gatton,Queensland,275,100
317011448_2,152.298833,-27.552142,317011448,Gatton,Queensland,275,100
317011448_3,152.28147,-27.553612,317011448,Gatton,Queensland,275,100
317011449_1,151.881262,-27.471271,317011449,Gowrie (Qld),Queensland,11,100
317011450_1,151.974561,-27.415985,317011450,Highfields,Queensland,25,100
317011451_1,152.285363,-27.408095,317011451,Lockyer Valley - West,Queensland,38,100
317011452_1,151.966683,-27.605508,317011452,Middle Ridge,Queensland,39,100
317011453_1,151.937076,-27.551126,317011453,Newtown (Qld),Queensland,59,100
317011454_1,151.956291,-27.524278,317011454,North Toowoomba - Harlaxton,Queensland,28,100
317011455_1,151.971313,-27.596217,317011455,Rangeville,Queensland,75,100
317011456_1,151.943522,-27.579445,317011456,Toowoomba - Central,Queensland,142,100
317011456_2,151.948879,-27.566687,317011456,Toowoomba - Central,Queensland,142,100
317011457_1,151.992918,-27.576924,317011457,Toowoomba - East,Queensland,103,100
317011457_2,151.994702,-27.576767,317011457,Toowoomba - East,Queensland,103,100
317011458_1,151.789029,-27.597676,317011458,Toowoomba - West,Queensland,52,100
317011459_1,151.91553,-27.534301,317011459,Wilsonton,Queensland,63,100
318011460_1,147.437021,-19.551233,318011460,Ayr,Queensland,60,100
318011461_1,147.176768,-19.760912,318011461,Burdekin,Queensland,42,100
318011462_1,146.289717,-20.041893,318011462,Charters Towers,Queensland,24,100
318011463_1,144.854856,-18.909612,318011463,Dalrymple,Queensland,5,100
318011464_1,146.174637,-18.638679,318011464,Ingham,Queensland,9,100
318011465_1,145.845392,-18.565003,318011465,Ingham Surrounds,Queensland,10,100
318021467_1,146.762839,-19.305616,318021467,Aitkenvale,Queensland,82,100
318021468_1,146.802636,-19.350938,318021468,Annandale (Qld),Queensland,75,100
318021469_1,146.754122,-19.219885,318021469,Belgian Gardens - Pallarenda,Queensland,18,100
318021470_1,146.639126,-19.319152,318021470,Bohle Plains,Queensland,40,100
318021471_1,146.700309,-19.34745,318021471,Condon - Rasmussen,Queensland,41,100
318021472_1,146.756411,-19.3016,318021472,Cranbrook,Queensland,78,100
318021474_1,146.74857,-19.387165,318021474,Douglas,Queensland,122,100
318021474_2,146.78541,-19.380181,318021474,Douglas,Queensland,122,100
318021475_1,146.758837,-19.264374,318021475,Garbutt - West End,Queensland,37,100
318021476_1,146.784904,-19.272892,318021476,Gulliver - Currajong - Vincent,Queensland,28,100
318021477_1,146.759299,-19.282334,318021477,Heatley,Queensland,18,100
318021478_1,146.809075,-19.297792,318021478,Hermit Park - Rosslea,Queensland,34,100
318021479_1,146.792403,-19.280184,318021479,Hyde Park - Pimlico,Queensland,39,100
318021480_1,146.681957,-19.400771,318021480,Kelso,Queensland,25,100
318021481_1,146.741956,-19.301704,318021481,Kirwan - East,Queensland,41,100
318021482_1,146.715495,-19.297619,318021482,Kirwan - West,Queensland,76,100
318021483_1,146.792635,-19.11674,318021483,Magnetic Island,Queensland,13,100
318021484_1,146.720732,-19.2488,318021484,Mount Louisa,Queensland,42,100
318021485_1,146.787321,-19.293896,318021485,Mundingburra,Queensland,28,100
318021486_1,146.588806,-19.365306,318021486,Northern Beaches,Queensland,14,100
318021487_1,146.828305,-19.314642,318021487,Oonoonba,Queensland,52,100
318021488_1,146.838259,-19.25356,318021488,South Townsville - Railway Estate,Queensland,49,100
318021489_1,146.782072,-19.435945,318021489,Townsville - South,Queensland,5,100
318021490_1,146.788852,-19.255258,318021490,Townsville City - North Ward,Queensland,173,100
318021490_2,146.817236,-19.257533,318021490,Townsville City - North Ward,Queensland,173,100
318021491_1,146.881686,-19.330998,318021491,Wulguru - Roseneath,Queensland,10,100
318021582_1,146.674119,-19.228966,318021582,Burdell - Mount Low,Queensland,69,100
318021583_1,146.689153,-19.254986,318021583,Deeragun - Jensen,Queensland,17,100
319011492_1,152.3808,-24.879781,319011492,Ashfield - Kepnock,Queensland,23,100
319011493_1,152.383768,-24.77557,319011493,Bargara - Burnett Heads,Queensland,122,100
319011493_2,152.43985,-24.854499,319011493,Bargara - Burnett Heads,Queensland,122,100
319011494_1,152.252636,-24.9251,319011494,Branyan - Kensington,Queensland,11,100
319011495_1,152.361925,-24.87147,319011495,Bundaberg,Queensland,171,100
319011495_2,152.330505,-24.876991,319011495,Bundaberg,Queensland,171,100
319011496_1,152.38858,-24.832187,319011496,Bundaberg East - Kalkie,Queensland,43,100
319011497_1,152.303471,-24.846158,319011497,Bundaberg North - Gooburrum,Queensland,67,100
319011498_1,152.033209,-24.64234,319011498,Bundaberg Surrounds - North,Queensland,55,100
319011499_1,152.409817,-25.23958,319011499,Bundaberg Surrounds - South,Queensland,29,100
319011500_1,152.316996,-24.881712,319011500,Millbank - Avoca,Queensland,29,100
319011501_1,152.326916,-24.883024,319011501,Svensson Heights - Norville,Queensland,22,100
319011502_1,152.375858,-24.91661,319011502,Walkervale - Avenell Heights,Queensland,60,100
319021503_1,151.781842,-25.351877,319021503,Gayndah - Mundubbera,Queensland,83,100
319021504_1,151.76707,-24.763519,319021504,Gin Gin,Queensland,18,100
319021505_1,151.832896,-26.540535,319021505,Kingaroy,Queensland,47,100
319021506_1,151.964623,-26.284985,319021506,Kingaroy Surrounds - North,Queensland,13,100
319021507_1,151.617612,-26.78797,319021507,Kingaroy Surrounds - South,Queensland,19,100
319021508_1,150.989711,-24.716247,319021508,Monto - Eidsvold,Queensland,5,100
319021509_1,151.627107,-26.819015,319021509,Nanango,Queensland,18,100
319031511_1,153.073798,-25.894656,319031511,Cooloola,Queensland,15,100
319031512_1,152.673055,-26.201355,319031512,Gympie - North,Queensland,57,100
319031513_1,152.656816,-26.206658,319031513,Gympie - South,Queensland,24,100
319031514_1,152.741084,-26.300858,319031514,Gympie Surrounds,Queensland,59,100
319031515_1,152.303066,-26.006761,319031515,Kilkivan,Queensland,4,100
319041516_1,152.907777,-25.338594,319041516,Booral - River Heads,Queensland,12,100
319041517_1,152.70198,-25.280639,319041517,Craignish - Dundowran Beach,Queensland,23,100
319041518_1,152.807244,-25.290372,319041518,Pialba - Eli Waters,Queensland,86,100
319041519_1,152.815909,-25.24835,319041519,Point Vernon,Queensland,20,100
319041520_1,152.841885,-25.308533,319041520,Torquay - Scarness - Kawungan,Queensland,90,100
319041521_1,152.885533,-25.304956,319041521,Urangan - Wondunna,Queensland,77,100
319051522_1,152.648072,-25.401302,319051522,Burrum - Fraser,Queensland,40,100
319051523_1,152.741701,-25.52979,319051523,Granville,Queensland,12,100
319051524_1,152.62123,-25.527718,319051524,Maryborough (Qld),Queensland,37,100
319051525_1,152.650109,-25.786581,319051525,Maryborough Surrounds - South,Queensland,29,100
319051526_1,152.668146,-25.533565,319051526,Tinana,Queensland,20,100
401011001_1,138.583911,-34.936319,401011001,Adelaide,South Australia,1054,100
401011001_2,138.609192,-34.918846,401011001,Adelaide,South Australia,1054,100
401011001_3,138.585883,-34.932016,401011001,Adelaide,South Australia,1054,100
401011001_4,138.616483,-34.923729,401011001,Adelaide,South Australia,1054,100
401011001_5,138.593301,-34.924421,401011001,Adelaide,South Australia,1054,100
401011001_6,138.60508,-34.936125,401011001,Adelaide,South Australia,1054,100
401011001_7,138.60625,-34.9153,401011001,Adelaide,South Australia,1054,100
401011001_8,138.599092,-34.923407,401011001,Adelaide,South Australia,1054,100
401011001_9,138.595949,-34.930749,401011001,Adelaide,South Australia,1054,100
401011001_10,138.598743,-34.926879,401011001,Adelaide,South Australia,1054,100
401011001_11,138.616967,-34.929894,401011001,Adelaide,South Australia,1054,100
401011002_1,138.599075,-34.908692,401011002,North Adelaide,South Australia,228,100
401011002_2,138.604341,-34.916706,401011002,North Adelaide,South Australia,228,100
401011002_3,138.586533,-34.915535,401011002,North Adelaide,South Australia,228,100
401021003_1,138.965878,-34.843653,401021003,Adelaide Hills,South Australia,16,100
401021004_1,138.676372,-35.018048,401021004,Aldgate - Stirling,South Australia,127,100
401021004_2,138.727923,-34.978411,401021004,Aldgate - Stirling,South Australia,127,100
401021005_1,138.816484,-35.052181,401021005,Hahndorf - Echunga,South Australia,22,100
401021006_1,138.849202,-35.026242,401021006,Lobethal - Woodside,South Australia,37,100
401021007_1,138.861146,-35.086622,401021007,Mount Barker,South Australia,146,100
401021007_2,138.895686,-35.095698,401021007,Mount Barker,South Australia,146,100
401021008_1,138.988961,-35.006516,401021008,Mount Barker Surrounds,South Australia,10,100
401021009_1,138.929906,-35.011064,401021009,Nairne,South Australia,13,100
401021010_1,138.700485,-34.94903,401021010,Uraidla - Summertown,South Australia,35,100
401031011_1,138.691079,-34.927834,401031011,Burnside - Wattle Park,South Australia,314,100
401031011_2,138.656035,-34.914233,401031011,Burnside - Wattle Park,South Australia,314,100
401031011_3,138.682596,-34.927064,401031011,Burnside - Wattle Park,South Australia,314,100
401031011_4,138.648885,-34.918425,401031011,Burnside - Wattle Park,South Australia,314,100
401031012_1,138.659156,-34.970247,401031012,Beaumont - Glen Osmond,South Australia,153,100
401031012_2,138.666408,-34.95851,401031012,Beaumont - Glen Osmond,South Australia,153,100
401031013_1,138.659511,-34.942722,401031013,Toorak Gardens,South Australia,281,100
401031013_2,138.642154,-34.935412,401031013,Toorak Gardens,South Australia,281,100
401031013_3,138.627514,-34.929404,401031013,Toorak Gardens,South Australia,281,100
401041014_1,138.69521,-34.880872,401041014,Athelstone,South Australia,69,100
401041015_1,138.674506,-34.872911,401041015,Paradise - Newton,South Australia,323,100
401041015_2,138.684889,-34.883176,401041015,Paradise - Newton,South Australia,323,100
401041015_3,138.675528,-34.870694,401041015,Paradise - Newton,South Australia,323,100
401041015_4,138.678843,-34.884668,401041015,Paradise - Newton,South Australia,323,100
401041016_1,138.692618,-34.894762,401041016,Rostrevor - Magill,South Australia,487,100
401041016_2,138.675912,-34.907369,401041016,Rostrevor - Magill,South Australia,487,100
401041016_3,138.683785,-34.89451,401041016,Rostrevor - Magill,South Australia,487,100
401041016_4,138.673903,-34.895554,401041016,Rostrevor - Magill,South Australia,487,100
401041016_5,138.672708,-34.90634,401041016,Rostrevor - Magill,South Australia,487,100
401051017_1,138.640283,-34.916192,401051017,Norwood (SA),South Australia,336,100
401051017_2,138.633518,-34.919529,401051017,Norwood (SA),South Australia,336,100
401051017_3,138.627128,-34.917921,401051017,Norwood (SA),South Australia,336,100
401051017_4,138.630986,-34.925672,401051017,Norwood (SA),South Australia,336,100
401051018_1,138.642479,-34.891165,401051018,Payneham - Felixstow,South Australia,262,100
401051018_2,138.653486,-34.913384,401051018,Payneham - Felixstow,South Australia,262,100
401051018_3,138.646465,-34.899282,401051018,Payneham - Felixstow,South Australia,262,100
401051019_1,138.639966,-34.912681,401051019,St Peters - Marden,South Australia,255,100
401051019_2,138.636287,-34.910739,401051019,St Peters - Marden,South Australia,255,100
401051019_3,138.620817,-34.915201,401051019,St Peters - Marden,South Australia,255,100
401061020_1,138.606099,-34.887594,401061020,Nailsworth - Broadview,South Australia,99,100
401061021_1,138.590654,-34.887956,401061021,Prospect,South Australia,262,100
401061021_2,138.58979,-34.87091,401061021,Prospect,South Australia,262,100
401061021_3,138.587517,-34.895866,401061021,Prospect,South Australia,262,100
401061022_1,138.628401,-34.884243,401061022,Walkerville,South Australia,156,100
401061022_2,138.598857,-34.898484,401061022,Walkerville,South Australia,156,100
401071023_1,138.592506,-34.946484,401071023,Goodwood - Millswood,South Australia,325,100
401071023_2,138.604152,-34.961084,401071023,Goodwood - Millswood,South Australia,325,100
401071023_3,138.597039,-34.951379,401071023,Goodwood - Millswood,South Australia,325,100
401071023_4,138.604991,-34.954994,401071023,Goodwood - Millswood,South Australia,325,100
401071024_1,138.603172,-34.94492,401071024,Unley - Parkside,South Australia,436,100
401071024_2,138.608509,-34.948309,401071024,Unley - Parkside,South Australia,436,100
401071024_3,138.605743,-34.946312,401071024,Unley - Parkside,South Australia,436,100
401071024_4,138.626904,-34.95648,401071024,Unley - Parkside,South Australia,436,100
401071024_5,138.638438,-34.958076,401071024,Unley - Parkside,South Australia,436,100
402011025_1,138.76459,-34.566881,402011025,Gawler - North,South Australia,38,100
402011026_1,138.796264,-34.553951,402011026,Gawler - South,South Australia,81,100
402011027_1,138.576974,-34.586778,402011027,Lewiston - Two Wells,South Australia,10,100
402021028_1,138.716436,-34.702475,402021028,Craigmore - Blakeview,South Australia,82,100
402021029_1,138.666004,-34.682949,402021029,Davoren Park,South Australia,108,100
402021029_2,138.656584,-34.706155,402021029,Davoren Park,South Australia,108,100
402021030_1,138.659112,-34.756194,402021030,Elizabeth,South Australia,192,100
402021030_2,138.665999,-34.75043,402021030,Elizabeth,South Australia,192,100
402021031_1,138.688295,-34.727816,402021031,Elizabeth East,South Australia,99,100
402021032_1,138.691852,-34.674628,402021032,Munno Para West - Angle Vale,South Australia,71,100
402021033_1,138.74164,-34.705344,402021033,One Tree Hill,South Australia,6,100
402021034_1,138.688259,-34.6872,402021034,Smithfield - Elizabeth North,South Australia,72,100
402021035_1,138.551907,-34.636726,402021035,Virginia - Waterloo Corner,South Australia,19,100
402031036_1,138.591972,-34.849298,402031036,Enfield - Blair Athol,South Australia,643,100
402031036_2,138.597439,-34.839403,402031036,Enfield - Blair Athol,South Australia,643,100
402031036_3,138.607523,-34.839647,402031036,Enfield - Blair Athol,South Australia,643,100
402031036_4,138.607971,-34.86757,402031036,Enfield - Blair Athol,South Australia,643,100
402031036_5,138.616609,-34.843697,402031036,Enfield - Blair Athol,South Australia,643,100
402031036_6,138.58285,-34.85271,402031036,Enfield - Blair Athol,South Australia,643,100
402031036_7,138.596988,-34.860778,402031036,Enfield - Blair Athol,South Australia,643,100
402031038_1,138.651765,-34.859655,402031038,Windsor Gardens,South Australia,441,100
402031038_2,138.645353,-34.861853,402031038,Windsor Gardens,South Australia,441,100
402031038_3,138.653583,-34.86216,402031038,Windsor Gardens,South Australia,441,100
402031038_4,138.646986,-34.859135,402031038,Windsor Gardens,South Australia,441,100
402031038_5,138.643871,-34.881355,402031038,Windsor Gardens,South Australia,441,100
402031175_1,138.624122,-34.864987,402031175,Northgate - Northfield,South Australia,273,100
402031175_2,138.639593,-34.845007,402031175,Northgate - Northfield,South Australia,273,100
402031175_3,138.627333,-34.845386,402031175,Northgate - Northfield,South Australia,273,100
402031176_1,138.65108,-34.842193,402031176,Valley View - Gilles Plains,South Australia,128,100
402031176_2,138.663511,-34.841757,402031176,Valley View - Gilles Plains,South Australia,128,100
402041040_1,138.653668,-34.830359,402041040,Ingle Farm,South Australia,139,100
402041040_2,138.645235,-34.824969,402041040,Ingle Farm,South Australia,139,100
402041041_1,138.665874,-34.802119,402041041,Para Hills,South Australia,124,100
402041041_2,138.642325,-34.807296,402041041,Para Hills,South Australia,124,100
402041043_1,138.616188,-34.789681,402041043,Parafield Gardens,South Australia,205,100
402041043_2,138.623137,-34.787915,402041043,Parafield Gardens,South Australia,205,100
402041043_3,138.610463,-34.779444,402041043,Parafield Gardens,South Australia,205,100
402041044_1,138.578997,-34.763111,402041044,Paralowie,South Australia,165,100
402041044_2,138.62947,-34.75667,402041044,Paralowie,South Australia,165,100
402041046_1,138.65662,-34.771933,402041046,Salisbury,South Australia,308,100
402041046_2,138.646555,-34.790248,402041046,Salisbury,South Australia,308,100
402041046_3,138.652892,-34.761005,402041046,Salisbury,South Australia,308,100
402041046_4,138.626933,-34.767952,402041046,Salisbury,South Australia,308,100
402041047_1,138.693562,-34.784121,402041047,Salisbury East,South Australia,105,100
402041047_2,138.667864,-34.782249,402041047,Salisbury East,South Australia,105,100
402041048_1,138.645532,-34.710334,402041048,Salisbury North,South Australia,192,100
402041048_2,138.630284,-34.737499,402041048,Salisbury North,South Australia,192,100
402041171_1,138.620696,-34.818634,402041171,Mawson Lakes - Globe Derby Park,South Australia,420,100
402041171_2,138.623596,-34.81167,402041171,Mawson Lakes - Globe Derby Park,South Australia,420,100
402041171_3,138.600291,-34.80875,402041171,Mawson Lakes - Globe Derby Park,South Australia,420,100
402041171_4,138.592831,-34.785742,402041171,Mawson Lakes - Globe Derby Park,South Australia,420,100
402041171_5,138.595798,-34.796557,402041171,Mawson Lakes - Globe Derby Park,South Australia,420,100
402041172_1,138.620074,-34.824804,402041172,Pooraka - Cavan,South Australia,125,100
402041172_2,138.628631,-34.831896,402041172,Pooraka - Cavan,South Australia,125,100
402051049_1,138.766961,-34.750918,402051049,Golden Grove,South Australia,63,100
402051050_1,138.719606,-34.762393,402051050,Greenwith,South Australia,58,100
402051051_1,138.698885,-34.855905,402051051,Highbury - Dernancourt,South Australia,87,100
402051052_1,138.684543,-34.841087,402051052,Hope Valley - Modbury,South Australia,214,100
402051052_2,138.700125,-34.836187,402051052,Hope Valley - Modbury,South Australia,214,100
402051052_3,138.698407,-34.833998,402051052,Hope Valley - Modbury,South Australia,214,100
402051053_1,138.677404,-34.806708,402051053,Modbury Heights,South Australia,130,100
402051053_2,138.686148,-34.815552,402051053,Modbury Heights,South Australia,130,100
402051054_1,138.697979,-34.814099,402051054,Redwood Park,South Australia,57,100
402051055_1,138.733076,-34.831985,402051055,St Agnes - Ridgehaven,South Australia,74,100
403011056_1,138.516713,-35.011629,403011056,Brighton (SA),South Australia,197,100
403011056_2,138.529007,-35.005943,403011056,Brighton (SA),South Australia,197,100
403011057_1,138.528325,-34.997613,403011057,Glenelg (SA),South Australia,421,100
403011057_2,138.51749,-34.998002,403011057,Glenelg (SA),South Australia,421,100
403011057_3,138.519984,-34.998401,403011057,Glenelg (SA),South Australia,421,100
403011057_4,138.516633,-34.973542,403011057,Glenelg (SA),South Australia,421,100
403011057_5,138.514415,-34.98011,403011057,Glenelg (SA),South Australia,421,100
403021058_1,138.561925,-34.970713,403021058,Edwardstown,South Australia,241,100
403021058_2,138.556467,-34.983523,403021058,Edwardstown,South Australia,241,100
403021058_3,138.560979,-34.988056,403021058,Edwardstown,South Australia,241,100
403021059_1,138.515178,-35.060156,403021059,Hallett Cove,South Australia,157,100
403021059_2,138.518814,-35.069784,403021059,Hallett Cove,South Australia,157,100
403021060_1,138.520304,-35.041909,403021060,Marino - Seaview Downs,South Australia,91,100
403021061_1,138.567291,-35.011482,403021061,Mitchell Park,South Australia,325,100
403021061_2,138.558148,-34.996247,403021061,Mitchell Park,South Australia,325,100
403021061_3,138.568671,-35.012673,403021061,Mitchell Park,South Australia,325,100
403021061_4,138.561464,-35.008741,403021061,Mitchell Park,South Australia,325,100
403021062_1,138.52874,-34.990981,403021062,Morphettville,South Australia,231,100
403021062_2,138.527304,-34.990334,403021062,Morphettville,South Australia,231,100
403021062_3,138.539168,-34.981491,403021062,Morphettville,South Australia,231,100
403021063_1,138.550531,-35.058707,403021063,Sheidow Park - Trott Park,South Australia,69,100
403021064_1,138.535538,-35.016509,403021064,Warradale,South Australia,371,100
403021064_2,138.531665,-35.005755,403021064,Warradale,South Australia,371,100
403021064_3,138.543855,-35.008601,403021064,Warradale,South Australia,371,100
403021064_4,138.546956,-35.025851,403021064,Warradale,South Australia,371,100
403031065_1,138.654955,-34.993381,403031065,Belair,South Australia,23,100
403031066_1,138.590173,-35.033558,403031066,Bellevue Heights,South Australia,248,100
403031066_2,138.58202,-35.027689,403031066,Bellevue Heights,South Australia,248,100
403031066_3,138.582817,-35.029103,403031066,Bellevue Heights,South Australia,248,100
403031067_1,138.634369,-35.018192,403031067,Blackwood,South Australia,93,100
403031068_1,138.584652,-34.977398,403031068,Colonel Light Gardens,South Australia,186,100
403031068_2,138.596433,-34.987008,403031068,Colonel Light Gardens,South Australia,186,100
403031069_1,138.62265,-34.985991,403031069,Mitcham (SA),South Australia,179,100
403031069_2,138.635661,-34.979632,403031069,Mitcham (SA),South Australia,179,100
403031070_1,138.578425,-35.013026,403031070,Panorama,South Australia,143,100
403031070_2,138.600893,-34.997281,403031070,Panorama,South Australia,143,100
403041071_1,138.620626,-35.07534,403041071,Aberfoyle Park,South Australia,55,100
403041072_1,138.457785,-35.342687,403041072,Aldinga,South Australia,83,100
403041073_1,138.50356,-35.167841,403041073,Christie Downs,South Australia,31,100
403041074_1,138.476328,-35.139302,403041074,Christies Beach,South Australia,52,100
403041075_1,138.630695,-35.126696,403041075,Clarendon,South Australia,7,100
403041076_1,138.618333,-35.053985,403041076,Coromandel Valley,South Australia,37,100
403041077_1,138.587245,-35.047276,403041077,Flagstaff Hill,South Australia,105,100
403041077_2,138.592247,-35.063339,403041077,Flagstaff Hill,South Australia,105,100
403041078_1,138.545372,-35.136696,403041078,Hackham - Onkaparinga Hills,South Australia,32,100
403041079_1,138.525042,-35.146689,403041079,Hackham West - Huntfield Heights,South Australia,22,100
403041080_1,138.602486,-35.095963,403041080,Happy Valley,South Australia,63,100
403041083_1,138.586967,-35.240695,403041083,McLaren Vale,South Australia,32,100
403041084_1,138.54506,-35.105152,403041084,Morphett Vale - East,South Australia,61,100
403041085_1,138.516166,-35.106601,403041085,Morphett Vale - West,South Australia,43,100
403041086_1,138.552817,-35.090202,403041086,Reynella,South Australia,46,100
403041088_1,138.52759,-35.266062,403041088,Willunga,South Australia,8,100
403041089_1,138.586271,-35.120893,403041089,Woodcroft,South Australia,40,100
403041177_1,138.474548,-35.162327,403041177,Seaford - Seaford Meadows,South Australia,107,100
403041177_2,138.481835,-35.162112,403041177,Seaford - Seaford Meadows,South Australia,107,100
403041178_1,138.473957,-35.24305,403041178,Seaford Rise - Moana,South Australia,71,100
404011090_1,138.529933,-34.888991,404011090,Beverley,South Australia,115,100
404011090_2,138.540113,-34.8876,404011090,Beverley,South Australia,115,100
404011091_1,138.536731,-34.902947,404011091,Flinders Park,South Australia,199,100
404011091_2,138.527854,-34.90672,404011091,Flinders Park,South Australia,199,100
404011092_1,138.515236,-34.916058,404011092,Henley Beach,South Australia,222,100
404011092_2,138.496644,-34.910689,404011092,Henley Beach,South Australia,222,100
404011092_3,138.509046,-34.907844,404011092,Henley Beach,South Australia,222,100
404011093_1,138.575915,-34.906741,404011093,Hindmarsh - Brompton,South Australia,327,100
404011093_2,138.552609,-34.894079,404011093,Hindmarsh - Brompton,South Australia,327,100
404011093_3,138.569113,-34.895396,404011093,Hindmarsh - Brompton,South Australia,327,100
404011093_4,138.555205,-34.885571,404011093,Hindmarsh - Brompton,South Australia,327,100
404011094_1,138.521398,-34.874165,404011094,Royal Park - Hendon - Albert Park,South Australia,46,100
404011095_1,138.505622,-34.887885,404011095,Seaton - Grange,South Australia,189,100
404011095_2,138.519368,-34.89089,404011095,Seaton - Grange,South Australia,189,100
404011096_1,138.485124,-34.872297,404011096,West Lakes,South Australia,140,100
404011096_2,138.490497,-34.891208,404011096,West Lakes,South Australia,140,100
404011097_1,138.537753,-34.875701,404011097,Woodville - Cheltenham,South Australia,307,100
404011097_2,138.535924,-34.867636,404011097,Woodville - Cheltenham,South Australia,307,100
404011097_3,138.529198,-34.86768,404011097,Woodville - Cheltenham,South Australia,307,100
404011097_4,138.550584,-34.880818,404011097,Woodville - Cheltenham,South Australia,307,100
404021099_1,138.490811,-34.845665,404021099,Largs Bay - Semaphore,South Australia,131,100
404021099_2,138.485601,-34.834249,404021099,Largs Bay - Semaphore,South Australia,131,100
404021100_1,138.505695,-34.807394,404021100,North Haven,South Australia,74,100
404021101_1,138.506252,-34.855969,404021101,Port Adelaide,South Australia,118,100
404021101_2,138.520384,-34.826186,404021101,Port Adelaide,South Australia,118,100
404021102_1,138.552697,-34.851807,404021102,The Parks,South Australia,422,100
404021102_2,138.570786,-34.837525,404021102,The Parks,South Australia,422,100
404021102_3,138.570709,-34.877715,404021102,The Parks,South Australia,422,100
404021102_4,138.551641,-34.849346,404021102,The Parks,South Australia,422,100
404021102_5,138.569284,-34.877905,404021102,The Parks,South Australia,422,100
404031105_1,138.521317,-34.923228,404031105,Fulham,South Australia,32,100
404031106_1,138.529487,-34.920731,404031106,Lockleys,South Australia,265,100
404031106_2,138.522876,-34.924067,404031106,Lockleys,South Australia,265,100
404031106_3,138.523137,-34.923831,404031106,Lockleys,South Australia,265,100
404031107_1,138.549,-34.967294,404031107,Plympton,South Australia,690,100
404031107_2,138.535993,-34.972308,404031107,Plympton,South Australia,690,100
404031107_3,138.567762,-34.952202,404031107,Plympton,South Australia,690,100
404031107_4,138.522707,-34.964835,404031107,Plympton,South Australia,690,100
404031107_5,138.543048,-34.964905,404031107,Plympton,South Australia,690,100
404031107_6,138.54899,-34.956751,404031107,Plympton,South Australia,690,100
404031107_7,138.567643,-34.95089,404031107,Plympton,South Australia,690,100
404031108_1,138.574629,-34.931832,404031108,Richmond (SA),South Australia,435,100
404031108_2,138.552743,-34.942877,404031108,Richmond (SA),South Australia,435,100
404031108_3,138.5671,-34.927095,404031108,Richmond (SA),South Australia,435,100
404031108_4,138.576615,-34.919334,404031108,Richmond (SA),South Australia,435,100
404031108_5,138.579165,-34.929658,404031108,Richmond (SA),South Australia,435,100
404031109_1,138.500932,-34.944822,404031109,West Beach,South Australia,67,100
405011110_1,139.134106,-34.639824,405011110,Barossa - Angaston,South Australia,25,100
405011111_1,138.938501,-34.505175,405011111,Light,South Australia,15,100
405011112_1,138.908765,-34.70705,405011112,Lyndoch,South Australia,19,100
405011113_1,138.420073,-34.566344,405011113,Mallala,South Australia,5,100
405011114_1,138.981463,-34.4684,405011114,Nuriootpa,South Australia,18,100
405011115_1,138.959652,-34.530909,405011115,Tanunda,South Australia,16,100
405021116_1,138.560185,-33.779714,405021116,Clare,South Australia,13,100
405021117_1,138.569347,-33.732603,405021117,Gilbert Valley,South Australia,11,100
405021118_1,139.142843,-33.138162,405021118,Goyder,South Australia,4,100
405021119_1,138.663342,-34.22384,405021119,Wakefield - Barunga West,South Australia,18,100
405031121_1,138.422486,-32.897444,405031121,Peterborough - Mount Remarkable,South Australia,6,100
405031122_1,137.987792,-33.178829,405031122,Port Pirie,South Australia,32,100
405041124_1,137.782978,-33.974714,405041124,Kadina,South Australia,6,100
405041125_1,137.7103,-34.050406,405041125,Moonta,South Australia,11,100
405041126_1,137.651262,-33.944172,405041126,Wallaroo,South Australia,5,100
405041127_1,137.763789,-34.270139,405041127,Yorke Peninsula - North,South Australia,5,100
405041128_1,137.27824,-34.897175,405041128,Yorke Peninsula - South,South Australia,4,100
406011129_1,133.66432,-32.082414,406011129,Ceduna,South Australia,6,100
406011130_1,135.347322,-34.595794,406011130,Eyre Peninsula,South Australia,13,100
406011131_1,135.851202,-33.323831,406011131,Kimba - Cleve - Franklin Harbour,South Australia,6,100
406011132_1,135.755803,-33.668697,406011132,Le Hunte - Elliston,South Australia,6,100
406011133_1,135.831616,-34.737501,406011133,Port Lincoln,South Australia,36,100
406011134_1,132.491541,-31.861538,406011134,West Coast (SA),South Australia,8,100
406011136_1,137.527504,-33.036911,406011136,Whyalla,South Australia,62,100
406021138_1,131.162363,-27.218142,406021138,APY Lands,South Australia,2,100
406021139_1,134.795756,-29.006366,406021139,Coober Pedy,South Australia,7,100
406021140_1,137.097008,-32.576435,406021140,Quorn - Lake Gilles,South Australia,4,100
406021141_1,133.260307,-29.60409,406021141,Outback,South Australia,10,100
406021142_1,137.743576,-32.497482,406021142,Port Augusta,South Australia,55,100
406021143_1,136.825409,-30.443756,406021143,Roxby Downs,South Australia,29,100
407011144_1,138.729071,-35.505199,407011144,Goolwa - Port Elliot,South Australia,42,100
407011145_1,136.820844,-35.886382,407011145,Kangaroo Island,South Australia,19,100
407011146_1,138.810939,-35.221641,407011146,Strathalbyn,South Australia,23,100
407011147_1,138.936447,-35.295482,407011147,Strathalbyn Surrounds,South Australia,15,100
407011148_1,138.587436,-35.516652,407011148,Victor Harbor,South Australia,37,100
407011149_1,138.350939,-35.391706,407011149,Yankalilla,South Australia,13,100
407021150_1,140.708035,-37.894316,407021150,Grant,South Australia,13,100
407021151_1,139.866929,-36.557748,407021151,Kingston - Robe,South Australia,5,100
407021152_1,140.385216,-37.674801,407021152,Millicent,South Australia,9,100
407021154_1,140.77445,-36.952871,407021154,Naracoorte,South Australia,64,100
407021155_1,140.914857,-37.065068,407021155,Naracoorte Surrounds,South Australia,4,100
407021156_1,140.652921,-37.459785,407021156,Penola,South Australia,5,100
407021157_1,140.26241,-36.177016,407021157,Tatiara,South Australia,31,100
407021158_1,140.457192,-37.339124,407021158,Wattle Range,South Australia,6,100
407021173_1,140.874656,-37.84447,407021173,Mount Gambier - East,South Australia,36,100
407021174_1,140.686344,-37.791386,407021174,Mount Gambier - West,South Australia,55,100
407031159_1,140.471493,-34.278309,407031159,Barmera,South Australia,23,100
407031160_1,140.623886,-34.292225,407031160,Berri,South Australia,22,100
407031161_1,140.135829,-34.894474,407031161,Karoonda - Lameroo,South Australia,21,100
407031162_1,140.643447,-34.429179,407031162,Loxton,South Australia,17,100
407031163_1,140.874807,-34.656969,407031163,Loxton Surrounds,South Australia,1,100
407031164_1,139.414401,-34.909565,407031164,Mannum,South Australia,13,100
407031165_1,139.239281,-35.105486,407031165,Murray Bridge,South Australia,181,100
407031165_2,139.295856,-35.128921,407031165,Murray Bridge,South Australia,181,100
407031166_1,139.193697,-35.438216,407031166,Murray Bridge Surrounds,South Australia,6,100
407031167_1,140.767848,-34.17792,407031167,Renmark,South Australia,36,100
407031168_1,140.643905,-34.253137,407031168,Renmark Surrounds,South Australia,57,100
407031169_1,139.920826,-36.10917,407031169,The Coorong,South Australia,10,100
407031170_1,139.389283,-34.201825,407031170,Waikerie,South Australia,24,100
501011001_1,115.084509,-34.027912,501011001,Augusta,Western Australia,34,100
501011003_1,115.216874,-33.781316,501011003,Busselton Surrounds,Western Australia,104,100
501011003_2,115.496467,-33.751883,501011003,Busselton Surrounds,Western Australia,104,100
501011004_1,114.988362,-33.872789,501011004,Margaret River,Western Australia,148,100
501011004_2,115.022621,-34.002619,501011004,Margaret River,Western Australia,148,100
501011293_1,115.461271,-33.592891,501011293,Busselton - East,Western Australia,41,100
501011294_1,115.344855,-33.697352,501011294,Busselton - West,Western Australia,123,100
501011294_2,115.30601,-33.679293,501011294,Busselton - West,Western Australia,123,100
501021005_1,115.727905,-33.21583,501021005,Australind - Leschenault,Western Australia,72,100
501021007_1,115.722865,-33.499067,501021007,Capel,Western Australia,12,100
501021008_1,115.655123,-33.377874,501021008,College Grove - Carey Park,Western Australia,41,100
501021009_1,116.263002,-33.151538,501021009,Collie,Western Australia,28,100
501021010_1,115.759046,-33.354471,501021010,Dardanup,Western Australia,35,100
501021012_1,115.728547,-33.304101,501021012,Eaton - Pelican Point,Western Australia,72,100
501021014_1,115.937435,-33.053955,501021014,Harvey,Western Australia,81,100
501021015_1,115.652503,-33.327906,501021015,East Bunbury - Glen Iris,Western Australia,75,100
501021016_1,115.763525,-32.857603,501021016,Waroona,Western Australia,11,100
501021251_1,115.606062,-33.406019,501021251,Dalyellup,Western Australia,91,100
501021252_1,115.588653,-33.482598,501021252,Gelorup - Stratham,Western Australia,19,100
501021253_1,115.644816,-33.330091,501021253,South Bunbury - Bunbury,Western Australia,147,100
501021253_2,115.629524,-33.333623,501021253,South Bunbury - Bunbury,Western Australia,147,100
501021254_1,115.629401,-33.384111,501021254,Withers - Usher,Western Australia,42,100
501031017_1,116.29,-33.808149,501031017,Bridgetown - Boyup Brook,Western Australia,18,100
501031018_1,115.777366,-33.552662,501031018,Donnybrook - Balingup,Western Australia,29,100
501031019_1,116.116467,-34.314076,501031019,Manjimup,Western Australia,31,100
501031020_1,116.082926,-34.387726,501031020,Pemberton,Western Australia,28,100
502011021_1,115.661131,-32.794461,502011021,Dawesville - Bouvard,Western Australia,67,100
502011022_1,115.648799,-32.593465,502011022,Falcon - Wannanup,Western Australia,118,100
502011022_2,115.648167,-32.584664,502011022,Falcon - Wannanup,Western Australia,118,100
502011023_1,115.769519,-32.541342,502011023,Greenfields,Western Australia,65,100
502011024_1,115.715902,-32.55781,502011024,Halls Head - Erskine,Western Australia,238,100
502011024_2,115.707916,-32.534207,502011024,Halls Head - Erskine,Western Australia,238,100
502011024_3,115.6932,-32.559818,502011024,Halls Head - Erskine,Western Australia,238,100
502011025_1,115.740852,-32.500692,502011025,Mandurah,Western Australia,151,100
502011025_2,115.738268,-32.536282,502011025,Mandurah,Western Australia,151,100
502011026_1,115.790517,-32.531661,502011026,Mandurah - East,Western Australia,47,100
502011027_1,115.75795,-32.459516,502011027,Mandurah - North,Western Australia,199,100
502011027_2,115.756592,-32.461755,502011027,Mandurah - North,Western Australia,199,100
502011028_1,115.742866,-32.559309,502011028,Mandurah - South,Western Australia,111,100
502011028_2,115.763433,-32.542289,502011028,Mandurah - South,Western Australia,111,100
502011029_1,115.948367,-32.66983,502011029,Pinjarra,Western Australia,39,100
503011030_1,115.761349,-31.943859,503011030,City Beach,Western Australia,81,100
503011031_1,115.781567,-31.972015,503011031,Claremont (WA),Western Australia,234,100
503011031_2,115.785518,-31.986796,503011031,Claremont (WA),Western Australia,234,100
503011031_3,115.77373,-31.981825,503011031,Claremont (WA),Western Australia,234,100
503011032_1,115.758931,-32.002935,503011032,Cottesloe,Western Australia,156,100
503011032_2,115.760886,-31.987264,503011032,Cottesloe,Western Australia,156,100
503011033_1,115.800497,-31.944284,503011033,Floreat,Western Australia,96,100
503011034_1,115.773872,-32.018198,503011034,Mosman Park - Peppermint Grove,Western Australia,239,100
503011034_2,115.770397,-31.999469,503011034,Mosman Park - Peppermint Grove,Western Australia,239,100
503011034_3,115.767133,-32.015134,503011034,Mosman Park - Peppermint Grove,Western Australia,239,100
503011035_1,115.816212,-31.967068,503011035,Nedlands - Dalkeith - Crawley,Western Australia,524,100
503011035_2,115.799674,-31.999364,503011035,Nedlands - Dalkeith - Crawley,Western Australia,524,100
503011035_3,115.795871,-31.987285,503011035,Nedlands - Dalkeith - Crawley,Western Australia,524,100
503011035_4,115.80157,-32.002782,503011035,Nedlands - Dalkeith - Crawley,Western Australia,524,100
503011035_5,115.81325,-31.983267,503011035,Nedlands - Dalkeith - Crawley,Western Australia,524,100
503011035_6,115.79529,-31.976051,503011035,Nedlands - Dalkeith - Crawley,Western Australia,524,100
503011036_1,115.758195,-31.963728,503011036,Swanbourne - Mount Claremont,Western Australia,103,100
503011036_2,115.789669,-31.953806,503011036,Swanbourne - Mount Claremont,Western Australia,103,100
503021038_1,115.825964,-31.915936,503021038,Mount Hawthorn - Leederville,Western Australia,167,100
503021038_2,115.831818,-31.927067,503021038,Mount Hawthorn - Leederville,Western Australia,167,100
503021039_1,115.882871,-31.925385,503021039,Mount Lawley - Inglewood,Western Australia,317,100
503021039_2,115.872043,-31.907745,503021039,Mount Lawley - Inglewood,Western Australia,317,100
503021039_3,115.87119,-31.911202,503021039,Mount Lawley - Inglewood,Western Australia,317,100
503021039_4,115.877625,-31.9196,503021039,Mount Lawley - Inglewood,Western Australia,317,100
503021040_1,115.853187,-31.93103,503021040,North Perth,Western Australia,150,100
503021040_2,115.846383,-31.918514,503021040,North Perth,Western Australia,150,100
503021042_1,115.816101,-31.959076,503021042,Subiaco - Shenton Park,Western Australia,390,100
503021042_2,115.803772,-31.950854,503021042,Subiaco - Shenton Park,Western Australia,390,100
503021042_3,115.808847,-31.952637,503021042,Subiaco - Shenton Park,Western Australia,390,100
503021042_4,115.814152,-31.949423,503021042,Subiaco - Shenton Park,Western Australia,390,100
503021043_1,115.81993,-31.929386,503021043,Wembley - West Leederville - Glendalough,Western Australia,597,100
503021043_2,115.815987,-31.939371,503021043,Wembley - West Leederville - Glendalough,Western Australia,597,100
503021043_3,115.807612,-31.936121,503021043,Wembley - West Leederville - Glendalough,Western Australia,597,100
503021043_4,115.831941,-31.940903,503021043,Wembley - West Leederville - Glendalough,Western Australia,597,100
503021043_5,115.82275,-31.929261,503021043,Wembley - West Leederville - Glendalough,Western Australia,597,100
503021043_6,115.81308,-31.931152,503021043,Wembley - West Leederville - Glendalough,Western Australia,597,100
503021295_1,115.874682,-31.956857,503021295,East Perth,Western Australia,688,100
503021295_2,115.869627,-31.950705,503021295,East Perth,Western Australia,688,100
503021295_3,115.870789,-31.958437,503021295,East Perth,Western Australia,688,100
503021295_4,115.870659,-31.959851,503021295,East Perth,Western Australia,688,100
503021295_5,115.881319,-31.944122,503021295,East Perth,Western Australia,688,100
503021295_6,115.875974,-31.956832,503021295,East Perth,Western Australia,688,100
503021295_7,115.877295,-31.955939,503021295,East Perth,Western Australia,688,100
503021296_1,115.861832,-31.939801,503021296,Perth (North) - Highgate,Western Australia,518,100
503021296_2,115.871483,-31.94806,503021296,Perth (North) - Highgate,Western Australia,518,100
503021296_3,115.855051,-31.938232,503021296,Perth (North) - Highgate,Western Australia,518,100
503021296_4,115.874192,-31.94754,503021296,Perth (North) - Highgate,Western Australia,518,100
503021296_5,115.856169,-31.936895,503021296,Perth (North) - Highgate,Western Australia,518,100
503021296_6,115.870169,-31.947996,503021296,Perth (North) - Highgate,Western Australia,518,100
503021297_1,115.847707,-31.948126,503021297,Perth (West) - Northbridge,Western Australia,697,100
503021297_2,115.842284,-31.948903,503021297,Perth (West) - Northbridge,Western Australia,697,100
503021297_3,115.853686,-31.946688,503021297,Perth (West) - Northbridge,Western Australia,697,100
503021297_4,115.85224,-31.947922,503021297,Perth (West) - Northbridge,Western Australia,697,100
503021297_5,115.852428,-31.943957,503021297,Perth (West) - Northbridge,Western Australia,697,100
503021297_6,115.851371,-31.955759,503021297,Perth (West) - Northbridge,Western Australia,697,100
503021297_7,115.845187,-31.949749,503021297,Perth (West) - Northbridge,Western Australia,697,100
504011044_1,115.958781,-31.89387,504011044,Bassendean - Eden Hill - Ashfield,Western Australia,170,100
504011044_2,115.950022,-31.895257,504011044,Bassendean - Eden Hill - Ashfield,Western Australia,170,100
504011045_1,115.886489,-31.908566,504011045,Bayswater - Embleton - Bedford,Western Australia,371,100
504011045_2,115.912335,-31.915394,504011045,Bayswater - Embleton - Bedford,Western Australia,371,100
504011045_3,115.91147,-31.928241,504011045,Bayswater - Embleton - Bedford,Western Australia,371,100
504011045_4,115.93682,-31.927621,504011045,Bayswater - Embleton - Bedford,Western Australia,371,100
504011046_1,115.90148,-31.930875,504011046,Maylands,Western Australia,416,100
504011046_2,115.895489,-31.937636,504011046,Maylands,Western Australia,416,100
504011046_3,115.89329,-31.933309,504011046,Maylands,Western Australia,416,100
504011046_4,115.896538,-31.929138,504011046,Maylands,Western Australia,416,100
504011046_5,115.901821,-31.932529,504011046,Maylands,Western Australia,416,100
504011047_1,115.926525,-31.893533,504011047,Morley,Western Australia,506,100
504011047_2,115.919034,-31.883674,504011047,Morley,Western Australia,506,100
504011047_3,115.909632,-31.893257,504011047,Morley,Western Australia,506,100
504011047_4,115.907892,-31.881336,504011047,Morley,Western Australia,506,100
504011047_5,115.892906,-31.886059,504011047,Morley,Western Australia,506,100
504011047_6,115.920518,-31.882746,504011047,Morley,Western Australia,506,100
504011048_1,115.880848,-31.874557,504011048,Noranda,Western Australia,91,100
504021049_1,116.334345,-31.81539,504021049,Chidlow,Western Australia,20,100
504021050_1,116.087193,-31.904105,504021050,Glen Forrest - Darlington,Western Australia,69,100
504021051_1,116.036122,-31.911604,504021051,Helena Valley - Koongamia,Western Australia,41,100
504021053_1,116.128775,-31.934385,504021053,Mundaring,Western Australia,71,100
504021054_1,116.052764,-31.881422,504021054,Swan View - Greenmount - Midvale,Western Australia,98,100
504031056_1,115.907952,-31.843406,504031056,Ballajura,Western Australia,211,100
504031056_2,115.901796,-31.830112,504031056,Ballajura,Western Australia,211,100
504031056_3,115.877952,-31.821742,504031056,Ballajura,Western Australia,211,100
504031057_1,115.928484,-31.815491,504031057,Beechboro,Western Australia,351,100
504031057_2,115.948526,-31.798686,504031057,Beechboro,Western Australia,351,100
504031057_3,115.920242,-31.797668,504031057,Beechboro,Western Australia,351,100
504031057_4,115.985288,-31.827605,504031057,Beechboro,Western Australia,351,100
504031058_1,115.988761,-31.651666,504031058,Bullsbrook,Western Australia,43,100
504031060_1,116.246132,-31.68207,504031060,Gidgegannup,Western Australia,14,100
504031061_1,116.015345,-31.923068,504031061,Hazelmere - Guildford,Western Australia,59,100
504031062_1,115.943467,-31.886596,504031062,Lockridge - Kiara,Western Australia,140,100
504031062_2,115.987453,-31.863858,504031062,Lockridge - Kiara,Western Australia,140,100
504031065_1,116.047613,-31.841453,504031065,Middle Swan - Herne Hill,Western Australia,77,100
504031066_1,115.979279,-31.902718,504031066,Midland - Guildford,Western Australia,226,100
504031066_2,116.006224,-31.882523,504031066,Midland - Guildford,Western Australia,226,100
504031066_3,116.014326,-31.901183,504031066,Midland - Guildford,Western Australia,226,100
504031067_1,116.058189,-31.845291,504031067,Stratton - Jane Brook,Western Australia,44,100
504031068_1,116.000836,-31.75394,504031068,The Vines,Western Australia,135,100
504031068_2,116.04412,-31.811534,504031068,The Vines,Western Australia,135,100
504031298_1,115.990548,-31.764808,504031298,Aveley,Western Australia,227,100
504031298_2,115.980343,-31.77499,504031298,Aveley,Western Australia,227,100
504031298_3,115.986374,-31.789686,504031298,Aveley,Western Australia,227,100
504031299_1,116.006757,-31.806153,504031299,Brabham - Henley Brook,Western Australia,291,100
504031299_2,115.995798,-31.802582,504031299,Brabham - Henley Brook,Western Australia,291,100
504031299_3,115.973907,-31.817989,504031299,Brabham - Henley Brook,Western Australia,291,100
504031300_1,115.959564,-31.762578,504031300,Ellenbrook,Western Australia,202,100
504031300_2,115.969253,-31.775756,504031300,Ellenbrook,Western Australia,202,100
504031300_3,115.981447,-31.76053,504031300,Ellenbrook,Western Australia,202,100
505011070_1,115.759837,-31.778913,505011070,Craigie - Beldon,Western Australia,122,100
505011070_2,115.771972,-31.790552,505011070,Craigie - Beldon,Western Australia,122,100
505011071_1,115.741887,-31.739678,505011071,Currambine - Kinross,Western Australia,227,100
505011071_2,115.741976,-31.716132,505011071,Currambine - Kinross,Western Australia,227,100
505011071_3,115.749014,-31.732665,505011071,Currambine - Kinross,Western Australia,227,100
505011072_1,115.770887,-31.826768,505011072,Duncraig,Western Australia,218,100
505011072_2,115.767749,-31.820292,505011072,Duncraig,Western Australia,218,100
505011072_3,115.778001,-31.829853,505011072,Duncraig,Western Australia,218,100
505011073_1,115.796763,-31.843492,505011073,Greenwood - Warwick,Western Australia,154,100
505011073_2,115.811229,-31.842474,505011073,Greenwood - Warwick,Western Australia,154,100
505011074_1,115.762433,-31.75884,505011074,Heathridge - Connolly,Western Australia,156,100
505011074_2,115.764813,-31.760586,505011074,Heathridge - Connolly,Western Australia,156,100
505011075_1,115.741874,-31.808078,505011075,Hillarys,Western Australia,170,100
505011075_2,115.751859,-31.795329,505011075,Hillarys,Western Australia,170,100
505011076_1,115.7323,-31.734971,505011076,Iluka - Burns Beach,Western Australia,209,100
505011076_2,115.724033,-31.743064,505011076,Iluka - Burns Beach,Western Australia,209,100
505011076_3,115.729349,-31.72872,505011076,Iluka - Burns Beach,Western Australia,209,100
505011077_1,115.790836,-31.743487,505011077,Joondalup - Edgewater,Western Australia,360,100
505011077_2,115.787553,-31.736563,505011077,Joondalup - Edgewater,Western Australia,360,100
505011077_3,115.782846,-31.771952,505011077,Joondalup - Edgewater,Western Australia,360,100
505011077_4,115.778418,-31.74009,505011077,Joondalup - Edgewater,Western Australia,360,100
505011078_1,115.793081,-31.819186,505011078,Kingsley,Western Australia,115,100
505011078_2,115.820063,-31.8092,505011078,Kingsley,Western Australia,115,100
505011079_1,115.737786,-31.787825,505011079,Mullaloo - Kallaroo,Western Australia,206,100
505011079_2,115.734786,-31.777241,505011079,Mullaloo - Kallaroo,Western Australia,206,100
505011079_3,115.733071,-31.776528,505011079,Mullaloo - Kallaroo,Western Australia,206,100
505011080_1,115.734162,-31.7443,505011080,Ocean Reef,Western Australia,158,100
505011080_2,115.737557,-31.76058,505011080,Ocean Reef,Western Australia,158,100
505011081_1,115.774825,-31.801129,505011081,Padbury,Western Australia,94,100
505011082_1,115.760769,-31.822663,505011082,Sorrento - Marmion,Western Australia,114,100
505011082_2,115.760498,-31.836215,505011082,Sorrento - Marmion,Western Australia,114,100
505011083_1,115.800386,-31.794972,505011083,Woodvale,Western Australia,102,100
505011083_2,115.797202,-31.786337,505011083,Woodvale,Western Australia,102,100
505021084_1,115.808288,-31.850643,505021084,Balcatta - Hamersley,Western Australia,277,100
505021084_2,115.810578,-31.846548,505021084,Balcatta - Hamersley,Western Australia,277,100
505021084_3,115.827532,-31.873726,505021084,Balcatta - Hamersley,Western Australia,277,100
505021085_1,115.840987,-31.861184,505021085,Balga - Mirrabooka,Western Australia,529,100
505021085_2,115.874692,-31.854633,505021085,Balga - Mirrabooka,Western Australia,529,100
505021085_3,115.868131,-31.854466,505021085,Balga - Mirrabooka,Western Australia,529,100
505021085_4,115.878058,-31.862004,505021085,Balga - Mirrabooka,Western Australia,529,100
505021085_5,115.851693,-31.861472,505021085,Balga - Mirrabooka,Western Australia,529,100
505021085_6,115.838552,-31.850597,505021085,Balga - Mirrabooka,Western Australia,529,100
505021088_1,115.798664,-31.901926,505021088,Innaloo - Doubleview,Western Australia,298,100
505021088_2,115.797642,-31.89619,505021088,Innaloo - Doubleview,Western Australia,298,100
505021088_3,115.78855,-31.884942,505021088,Innaloo - Doubleview,Western Australia,298,100
505021089_1,115.797168,-31.86168,505021089,Karrinyup - Gwelup - Carine,Western Australia,246,100
505021089_2,115.79531,-31.875163,505021089,Karrinyup - Gwelup - Carine,Western Australia,246,100
505021089_3,115.7691,-31.872637,505021089,Karrinyup - Gwelup - Carine,Western Australia,246,100
505021090_1,115.858203,-31.883937,505021090,Nollamara - Westminster,Western Australia,591,100
505021090_2,115.830574,-31.860776,505021090,Nollamara - Westminster,Western Australia,591,100
505021090_3,115.85563,-31.885097,505021090,Nollamara - Westminster,Western Australia,591,100
505021090_4,115.840956,-31.864831,505021090,Nollamara - Westminster,Western Australia,591,100
505021090_5,115.841162,-31.881879,505021090,Nollamara - Westminster,Western Australia,591,100
505021090_6,115.843297,-31.869997,505021090,Nollamara - Westminster,Western Australia,591,100
505021091_1,115.815957,-31.906376,505021091,Osborne Park Industrial,Western Australia,8,100
505021092_1,115.7703,-31.89918,505021092,Scarborough,Western Australia,430,100
505021092_2,115.766093,-31.886972,505021092,Scarborough,Western Australia,430,100
505021092_3,115.765197,-31.887301,505021092,Scarborough,Western Australia,430,100
505021092_4,115.766727,-31.886995,505021092,Scarborough,Western Australia,430,100
505021092_5,115.768714,-31.893542,505021092,Scarborough,Western Australia,430,100
505021093_1,115.825404,-31.903921,505021093,Stirling - Osborne Park,Western Australia,338,100
505021093_2,115.828746,-31.905478,505021093,Stirling - Osborne Park,Western Australia,338,100
505021093_3,115.806198,-31.868404,505021093,Stirling - Osborne Park,Western Australia,338,100
505021093_4,115.828502,-31.912381,505021093,Stirling - Osborne Park,Western Australia,338,100
505021094_1,115.756818,-31.883226,505021094,Trigg - North Beach - Watermans Bay,Western Australia,108,100
505021094_2,115.756147,-31.880917,505021094,Trigg - North Beach - Watermans Bay,Western Australia,108,100
505021095_1,115.83434,-31.912615,505021095,Tuart Hill - Joondanna,Western Australia,325,100
505021095_2,115.828621,-31.894985,505021095,Tuart Hill - Joondanna,Western Australia,325,100
505021095_3,115.83089,-31.901757,505021095,Tuart Hill - Joondanna,Western Australia,325,100
505021095_4,115.841292,-31.909877,505021095,Tuart Hill - Joondanna,Western Australia,325,100
505021096_1,115.78767,-31.919014,505021096,Wembley Downs - Churchlands - Woodlands,Western Australia,239,100
505021096_2,115.776456,-31.914253,505021096,Wembley Downs - Churchlands - Woodlands,Western Australia,239,100
505021096_3,115.771094,-31.911804,505021096,Wembley Downs - Churchlands - Woodlands,Western Australia,239,100
505021097_1,115.855152,-31.9125,505021097,Yokine - Coolbinia - Menora,Western Australia,320,100
505021097_2,115.854288,-31.913852,505021097,Yokine - Coolbinia - Menora,Western Australia,320,100
505021097_3,115.858043,-31.915152,505021097,Yokine - Coolbinia - Menora,Western Australia,320,100
505021097_4,115.848308,-31.909586,505021097,Yokine - Coolbinia - Menora,Western Australia,320,100
505021301_1,115.860611,-31.880261,505021301,Dianella - North,Western Australia,168,100
505021301_2,115.855857,-31.868695,505021301,Dianella - North,Western Australia,168,100
505021302_1,115.87677,-31.895898,505021302,Dianella - South,Western Australia,309,100
505021302_2,115.884511,-31.89848,505021302,Dianella - South,Western Australia,309,100
505021302_3,115.86843,-31.890461,505021302,Dianella - South,Western Australia,309,100
505021302_4,115.871023,-31.894729,505021302,Dianella - South,Western Australia,309,100
505031098_1,115.856473,-31.831204,505031098,Alexander Heights - Koondoola,Western Australia,191,100
505031098_2,115.860206,-31.825753,505031098,Alexander Heights - Koondoola,Western Australia,191,100
505031099_1,115.724358,-31.657425,505031099,Butler - Merriwa - Ridgewood,Western Australia,328,100
505031099_2,115.693786,-31.641817,505031099,Butler - Merriwa - Ridgewood,Western Australia,328,100
505031099_3,115.711134,-31.656749,505031099,Butler - Merriwa - Ridgewood,Western Australia,328,100
505031099_4,115.714267,-31.65905,505031099,Butler - Merriwa - Ridgewood,Western Australia,328,100
505031100_1,115.781009,-31.690934,505031100,Carramar,Western Australia,243,100
505031100_2,115.783537,-31.703158,505031100,Carramar,Western Australia,243,100
505031100_3,115.74263,-31.665574,505031100,Carramar,Western Australia,243,100
505031101_1,115.735108,-31.692045,505031101,Clarkson,Western Australia,254,100
505031101_2,115.734247,-31.696059,505031101,Clarkson,Western Australia,254,100
505031101_3,115.718522,-31.682,505031101,Clarkson,Western Australia,254,100
505031102_1,115.836763,-31.835305,505031102,Girrawheen,Western Australia,175,100
505031102_2,115.848474,-31.836242,505031102,Girrawheen,Western Australia,175,100
505031104_1,115.837041,-31.82714,505031104,Marangaroo,Western Australia,123,100
505031104_2,115.831262,-31.830512,505031104,Marangaroo,Western Australia,123,100
505031105_1,115.677525,-31.632705,505031105,Mindarie - Quinns Rocks - Jindalee,Western Australia,377,100
505031105_2,115.704205,-31.692144,505031105,Mindarie - Quinns Rocks - Jindalee,Western Australia,377,100
505031105_3,115.694685,-31.651345,505031105,Mindarie - Quinns Rocks - Jindalee,Western Australia,377,100
505031105_4,115.695882,-31.653332,505031105,Mindarie - Quinns Rocks - Jindalee,Western Australia,377,100
505031107_1,115.815326,-31.705291,505031107,Tapping - Ashby - Sinagra,Western Australia,207,100
505031107_2,115.872283,-31.711025,505031107,Tapping - Ashby - Sinagra,Western Australia,207,100
505031107_3,115.792854,-31.720797,505031107,Tapping - Ashby - Sinagra,Western Australia,207,100
505031255_1,115.697843,-31.623175,505031255,Alkimos - Eglinton,Western Australia,309,100
505031255_2,115.652219,-31.570616,505031255,Alkimos - Eglinton,Western Australia,309,100
505031255_3,115.677111,-31.619655,505031255,Alkimos - Eglinton,Western Australia,309,100
505031255_4,115.670631,-31.623327,505031255,Alkimos - Eglinton,Western Australia,309,100
505031256_1,115.669161,-31.516754,505031256,Carabooda - Pinjar,Western Australia,3,100
505031257_1,115.623887,-31.477141,505031257,Two Rocks,Western Australia,41,100
505031258_1,115.637534,-31.542241,505031258,Yanchep,Western Australia,234,100
505031258_2,115.653734,-31.556778,505031258,Yanchep,Western Australia,234,100
505031258_3,115.665808,-31.5627,505031258,Yanchep,Western Australia,234,100
505031303_1,115.85369,-31.790906,505031303,Hocking - Pearsall,Western Australia,137,100
505031303_2,115.866401,-31.785444,505031303,Hocking - Pearsall,Western Australia,137,100
505031304_1,115.868189,-31.814213,505031304,Landsdale,Western Australia,155,100
505031304_2,115.881279,-31.802104,505031304,Landsdale,Western Australia,155,100
505031305_1,115.819543,-31.801486,505031305,Madeley - Darch,Western Australia,202,100
505031305_2,115.846141,-31.802504,505031305,Madeley - Darch,Western Australia,202,100
505031305_3,115.832743,-31.789126,505031305,Madeley - Darch,Western Australia,202,100
505031306_1,115.799197,-31.772892,505031306,Wanneroo - Sinagra,Western Australia,188,100
505031306_2,115.824497,-31.737966,505031306,Wanneroo - Sinagra,Western Australia,188,100
506011110_1,115.999603,-32.180307,506011110,Armadale - Wungong - Brookdale,Western Australia,226,100
506011110_2,116.004155,-32.177173,506011110,Armadale - Wungong - Brookdale,Western Australia,226,100
506011110_3,115.975865,-32.153463,506011110,Armadale - Wungong - Brookdale,Western Australia,226,100
506011112_1,115.968587,-32.127909,506011112,Camillo - Champion Lakes,Western Australia,53,100
506011114_1,116.031517,-32.12298,506011114,Kelmscott,Western Australia,112,100
506011114_2,116.006394,-32.129757,506011114,Kelmscott,Western Australia,112,100
506011115_1,116.049541,-32.162196,506011115,Mount Nasura - Mount Richon - Bedfordale,Western Australia,41,100
506011116_1,116.145592,-32.092354,506011116,Roleystone,Western Australia,44,100
506011117_1,115.986035,-32.141151,506011117,Seville Grove,Western Australia,135,100
506011117_2,115.996445,-32.134605,506011117,Seville Grove,Western Australia,135,100
506011307_1,115.933044,-32.116477,506011307,Harrisdale,Western Australia,266,100
506011307_2,115.92712,-32.109872,506011307,Harrisdale,Western Australia,266,100
506011307_3,115.943945,-32.118818,506011307,Harrisdale,Western Australia,266,100
506011308_1,115.918688,-32.146993,506011308,Piara Waters - Forrestdale,Western Australia,265,100
506011308_2,115.94788,-32.130379,506011308,Piara Waters - Forrestdale,Western Australia,265,100
506011308_3,115.916122,-32.139414,506011308,Piara Waters - Forrestdale,Western Australia,265,100
506021118_1,115.922491,-31.942329,506021118,Belmont - Ascot - Redcliffe,Western Australia,351,100
506021118_2,115.939046,-31.952968,506021118,Belmont - Ascot - Redcliffe,Western Australia,351,100
506021118_3,115.936389,-31.9517,506021118,Belmont - Ascot - Redcliffe,Western Australia,351,100
506021118_4,115.944156,-31.928954,506021118,Belmont - Ascot - Redcliffe,Western Australia,351,100
506021119_1,115.913623,-31.989252,506021119,East Victoria Park - Carlisle,Western Australia,491,100
506021119_2,115.912775,-31.986229,506021119,East Victoria Park - Carlisle,Western Australia,491,100
506021119_3,115.899657,-31.991065,506021119,East Victoria Park - Carlisle,Western Australia,491,100
506021119_4,115.917823,-31.979896,506021119,East Victoria Park - Carlisle,Western Australia,491,100
506021119_5,115.905441,-31.979597,506021119,East Victoria Park - Carlisle,Western Australia,491,100
506021123_1,115.912061,-31.967874,506021123,Victoria Park - Lathlain - Burswood,Western Australia,529,100
506021123_2,115.893611,-31.973626,506021123,Victoria Park - Lathlain - Burswood,Western Australia,529,100
506021123_3,115.89103,-31.940428,506021123,Victoria Park - Lathlain - Burswood,Western Australia,529,100
506021123_4,115.887111,-31.970273,506021123,Victoria Park - Lathlain - Burswood,Western Australia,529,100
506021123_5,115.902506,-31.970299,506021123,Victoria Park - Lathlain - Burswood,Western Australia,529,100
506021123_6,115.910722,-31.966273,506021123,Victoria Park - Lathlain - Burswood,Western Australia,529,100
506021309_1,115.952779,-31.96923,506021309,Cloverdale,Western Australia,222,100
506021309_2,115.951838,-31.967733,506021309,Cloverdale,Western Australia,222,100
506021309_3,115.953158,-31.958278,506021309,Cloverdale,Western Australia,222,100
506021310_1,115.937151,-31.979574,506021310,Kewdale,Western Australia,212,100
506021310_2,115.938418,-31.974516,506021310,Kewdale,Western Australia,212,100
506021310_3,115.931907,-31.982156,506021310,Kewdale,Western Australia,212,100
506021311_1,115.919655,-31.958558,506021311,Rivervale,Western Australia,382,100
506021311_2,115.908769,-31.955115,506021311,Rivervale,Western Australia,382,100
506021311_3,115.905745,-31.957451,506021311,Rivervale,Western Australia,382,100
506021311_4,115.918362,-31.969874,506021311,Rivervale,Western Australia,382,100
506031124_1,115.913622,-32.005087,506031124,Bentley - Wilson - St James,Western Australia,1054,100
506031124_2,115.92049,-32.019185,506031124,Bentley - Wilson - St James,Western Australia,1054,100
506031124_3,115.901137,-31.999995,506031124,Bentley - Wilson - St James,Western Australia,1054,100
506031124_4,115.898912,-32.010327,506031124,Bentley - Wilson - St James,Western Australia,1054,100
506031124_5,115.900038,-32.016298,506031124,Bentley - Wilson - St James,Western Australia,1054,100
506031124_6,115.905366,-32.026327,506031124,Bentley - Wilson - St James,Western Australia,1054,100
506031124_7,115.897968,-32.000402,506031124,Bentley - Wilson - St James,Western Australia,1054,100
506031124_8,115.909705,-32.008649,506031124,Bentley - Wilson - St James,Western Australia,1054,100
506031124_9,115.915409,-32.011052,506031124,Bentley - Wilson - St James,Western Australia,1054,100
506031124_10,115.9084,-32.009628,506031124,Bentley - Wilson - St James,Western Australia,1054,100
506031124_11,115.911166,-32.010395,506031124,Bentley - Wilson - St James,Western Australia,1054,100
506031125_1,115.910419,-32.106486,506031125,Canning Vale - West,Western Australia,207,100
506031125_2,115.910991,-32.079345,506031125,Canning Vale - West,Western Australia,207,100
506031125_3,115.903804,-32.093263,506031125,Canning Vale - West,Western Australia,207,100
506031127_1,115.945838,-32.008176,506031127,Cannington - Queens Park,Western Australia,944,100
506031127_2,115.92842,-32.012429,506031127,Cannington - Queens Park,Western Australia,944,100
506031127_3,115.950754,-32.009448,506031127,Cannington - Queens Park,Western Australia,944,100
506031127_4,115.932821,-32.006901,506031127,Cannington - Queens Park,Western Australia,944,100
506031127_5,115.938395,-32.021014,506031127,Cannington - Queens Park,Western Australia,944,100
506031127_6,115.936895,-32.013125,506031127,Cannington - Queens Park,Western Australia,944,100
506031127_7,115.933846,-32.01125,506031127,Cannington - Queens Park,Western Australia,944,100
506031127_8,115.960078,-32.010257,506031127,Cannington - Queens Park,Western Australia,944,100
506031127_9,115.947029,-32.002631,506031127,Cannington - Queens Park,Western Australia,944,100
506031127_10,115.934317,-32.004915,506031127,Cannington - Queens Park,Western Australia,944,100
506031128_1,115.920918,-32.054129,506031128,Parkwood - Ferndale - Lynwood,Western Australia,250,100
506031128_2,115.926387,-32.048095,506031128,Parkwood - Ferndale - Lynwood,Western Australia,250,100
506031128_3,115.925232,-32.048935,506031128,Parkwood - Ferndale - Lynwood,Western Australia,250,100
506031129_1,115.896914,-32.030972,506031129,Riverton - Shelley - Rossmoyne,Western Australia,320,100
506031129_2,115.883625,-32.024526,506031129,Riverton - Shelley - Rossmoyne,Western Australia,320,100
506031129_3,115.870755,-32.036236,506031129,Riverton - Shelley - Rossmoyne,Western Australia,320,100
506031129_4,115.865155,-32.040226,506031129,Riverton - Shelley - Rossmoyne,Western Australia,320,100
506031131_1,115.896129,-32.046201,506031131,Willetton,Western Australia,521,100
506031131_2,115.883155,-32.055469,506031131,Willetton,Western Australia,521,100
506031131_3,115.896235,-32.056167,506031131,Willetton,Western Australia,521,100
506031131_4,115.875289,-32.059526,506031131,Willetton,Western Australia,521,100
506031131_5,115.880889,-32.061043,506031131,Willetton,Western Australia,521,100
506031131_6,115.879168,-32.06362,506031131,Willetton,Western Australia,521,100
506041132_1,115.981582,-32.027517,506041132,Beckenham - Kenwick - Langford,Western Australia,555,100
506041132_2,115.992145,-32.011733,506041132,Beckenham - Kenwick - Langford,Western Australia,555,100
506041132_3,115.960947,-32.028026,506041132,Beckenham - Kenwick - Langford,Western Australia,555,100
506041132_4,115.967861,-32.03648,506041132,Beckenham - Kenwick - Langford,Western Australia,555,100
506041132_5,115.953033,-32.034296,506041132,Beckenham - Kenwick - Langford,Western Australia,555,100
506041132_6,115.966008,-32.027959,506041132,Beckenham - Kenwick - Langford,Western Australia,555,100
506041133_1,115.939862,-32.084183,506041133,Canning Vale - East,Western Australia,559,100
506041133_2,115.934385,-32.092556,506041133,Canning Vale - East,Western Australia,559,100
506041133_3,115.915149,-32.107532,506041133,Canning Vale - East,Western Australia,559,100
506041133_4,115.930056,-32.081873,506041133,Canning Vale - East,Western Australia,559,100
506041133_5,115.938617,-32.066288,506041133,Canning Vale - East,Western Australia,559,100
506041133_6,115.927917,-32.077885,506041133,Canning Vale - East,Western Australia,559,100
506041134_1,115.976793,-32.064464,506041134,Gosnells,Western Australia,320,100
506041134_2,115.978557,-32.105717,506041134,Gosnells,Western Australia,320,100
506041134_3,115.978839,-32.104621,506041134,Gosnells,Western Australia,320,100
506041134_4,115.991744,-32.079626,506041134,Gosnells,Western Australia,320,100
506041135_1,115.968677,-32.104325,506041135,Huntingdale - Southern River,Western Australia,362,100
506041135_2,115.956652,-32.106927,506041135,Huntingdale - Southern River,Western Australia,362,100
506041135_3,115.97763,-32.116999,506041135,Huntingdale - Southern River,Western Australia,362,100
506041135_4,115.947161,-32.113772,506041135,Huntingdale - Southern River,Western Australia,362,100
506041136_1,116.068227,-32.078883,506041136,Maddington - Orange Grove - Martin,Western Australia,345,100
506041136_2,115.993673,-32.05811,506041136,Maddington - Orange Grove - Martin,Western Australia,345,100
506041136_3,116.031827,-32.024761,506041136,Maddington - Orange Grove - Martin,Western Australia,345,100
506041136_4,115.995922,-32.0518,506041136,Maddington - Orange Grove - Martin,Western Australia,345,100
506041137_1,115.957135,-32.053786,506041137,Thornlie,Western Australia,420,100
506041137_2,115.947276,-32.074708,506041137,Thornlie,Western Australia,420,100
506041137_3,115.973696,-32.060422,506041137,Thornlie,Western Australia,420,100
506041137_4,115.97189,-32.061942,506041137,Thornlie,Western Australia,420,100
506041137_5,115.964143,-32.069481,506041137,Thornlie,Western Australia,420,100
506051138_1,115.99716,-31.996945,506051138,Forrestfield - Wattle Grove,Western Australia,259,100
506051138_2,116.00546,-32.000236,506051138,Forrestfield - Wattle Grove,Western Australia,259,100
506051138_3,116.022346,-31.995905,506051138,Forrestfield - Wattle Grove,Western Australia,259,100
506051139_1,116.002723,-31.959222,506051139,High Wycombe,Western Australia,127,100
506051139_2,115.999725,-31.927752,506051139,High Wycombe,Western Australia,127,100
506051140_1,116.037124,-31.973525,506051140,Kalamunda - Maida Vale - Gooseberry Hill,Western Australia,132,100
506051140_2,116.073443,-31.983472,506051140,Kalamunda - Maida Vale - Gooseberry Hill,Western Australia,132,100
506051141_1,116.108173,-31.945471,506051141,Lesmurdie - Bickley - Carmel,Western Australia,86,100
506061142_1,116.004763,-32.239757,506061142,Byford,Western Australia,276,100
506061142_2,115.985468,-32.214414,506061142,Byford,Western Australia,276,100
506061142_3,115.987118,-32.238459,506061142,Byford,Western Australia,276,100
506061143_1,115.943883,-32.190994,506061143,Mundijong,Western Australia,24,100
506061144_1,115.886745,-32.355006,506061144,Serpentine - Jarrahdale,Western Australia,20,100
506071145_1,115.860971,-31.999887,506071145,Como,Western Australia,308,100
506071145_2,115.855356,-31.989585,506071145,Como,Western Australia,308,100
506071145_3,115.862366,-31.99997,506071145,Como,Western Australia,308,100
506071145_4,115.877415,-31.997232,506071145,Como,Western Australia,308,100
506071146_1,115.864261,-32.011483,506071146,Manning - Waterford,Western Australia,303,100
506071146_2,115.857302,-32.020376,506071146,Manning - Waterford,Western Australia,303,100
506071146_3,115.859773,-32.024225,506071146,Manning - Waterford,Western Australia,303,100
506071146_4,115.871466,-32.016443,506071146,Manning - Waterford,Western Australia,303,100
506071147_1,115.882408,-31.97829,506071147,South Perth - Kensington,Western Australia,368,100
506071147_2,115.848644,-31.973337,506071147,South Perth - Kensington,Western Australia,368,100
506071147_3,115.887189,-31.978735,506071147,South Perth - Kensington,Western Australia,368,100
506071147_4,115.860049,-31.987047,506071147,South Perth - Kensington,Western Australia,368,100
507011148_1,115.896785,-32.128395,507011148,Banjup,Western Australia,337,100
507011148_2,115.862533,-32.14683,507011148,Banjup,Western Australia,337,100
507011148_3,115.894419,-32.142878,507011148,Banjup,Western Australia,337,100
507011148_4,115.904979,-32.114473,507011148,Banjup,Western Australia,337,100
507011152_1,115.784203,-32.133817,507011152,Coogee,Western Australia,97,100
507011153_1,115.802996,-32.077189,507011153,Coolbellup,Western Australia,112,100
507011153_2,115.818394,-32.080763,507011153,Coolbellup,Western Australia,112,100
507011154_1,115.782086,-32.08083,507011154,Hamilton Hill,Western Australia,198,100
507011154_2,115.779507,-32.082358,507011154,Hamilton Hill,Western Australia,198,100
507011158_1,115.756044,-32.090173,507011158,North Coogee,Western Australia,69,100
507011159_1,115.84889,-32.107488,507011159,South Lake - Cockburn Central,Western Australia,179,100
507011159_2,115.841756,-32.113004,507011159,South Lake - Cockburn Central,Western Australia,179,100
507011160_1,115.771588,-32.103791,507011160,Spearwood,Western Australia,161,100
507011160_2,115.793509,-32.098358,507011160,Spearwood,Western Australia,161,100
507011161_1,115.859137,-32.149568,507011161,Success - Hammond Park,Western Australia,352,100
507011161_2,115.846754,-32.152142,507011161,Success - Hammond Park,Western Australia,352,100
507011161_3,115.854151,-32.136292,507011161,Success - Hammond Park,Western Australia,352,100
507011161_4,115.847332,-32.144119,507011161,Success - Hammond Park,Western Australia,352,100
507011163_1,115.831953,-32.11918,507011163,Yangebup,Western Australia,62,100
507011259_1,115.807995,-32.136541,507011259,Beeliar - Wattleup,Western Australia,108,100
507011259_2,115.81093,-32.143922,507011259,Beeliar - Wattleup,Western Australia,108,100
507011260_1,115.887759,-32.083861,507011260,Jandakot,Western Australia,34,100
507021164_1,115.775134,-32.031368,507021164,East Fremantle,Western Australia,121,100
507021164_2,115.763609,-32.037799,507021164,East Fremantle,Western Australia,121,100
507021165_1,115.762485,-32.057181,507021165,Fremantle,Western Australia,368,100
507021165_2,115.524827,-31.993067,507021165,Fremantle,Western Australia,368,100
507021165_3,115.734988,-32.041487,507021165,Fremantle,Western Australia,368,100
507021165_4,115.75949,-32.053547,507021165,Fremantle,Western Australia,368,100
507021166_1,115.790221,-32.065563,507021166,Fremantle - South,Western Australia,256,100
507021166_2,115.758738,-32.067726,507021166,Fremantle - South,Western Australia,256,100
507021166_3,115.797175,-32.065789,507021166,Fremantle - South,Western Australia,256,100
507031169_1,115.842096,-32.270804,507031169,Wellard (West) - Bertram,Western Australia,341,100
507031169_2,115.838821,-32.272016,507031169,Wellard (West) - Bertram,Western Australia,341,100
507031169_3,115.844249,-32.259148,507031169,Wellard (West) - Bertram,Western Australia,341,100
507031169_4,115.849131,-32.233906,507031169,Wellard (West) - Bertram,Western Australia,341,100
507031170_1,115.80569,-32.231513,507031170,Calista,Western Australia,64,100
507031174_1,115.828836,-32.232009,507031174,Parmelia - Orelia,Western Australia,107,100
507031174_2,115.825326,-32.249516,507031174,Parmelia - Orelia,Western Australia,107,100
507031261_1,115.880725,-32.191894,507031261,Casuarina - Wandi,Western Australia,94,100
507041175_1,115.826294,-32.025162,507041175,Applecross - Ardross,Western Australia,205,100
507041175_2,115.844861,-32.003657,507041175,Applecross - Ardross,Western Australia,205,100
507041175_3,115.843771,-32.01062,507041175,Applecross - Ardross,Western Australia,205,100
507041176_1,115.849212,-32.060266,507041176,Bateman,Western Australia,81,100
507041177_1,115.793026,-32.050244,507041177,Bicton - Palmyra,Western Australia,192,100
507041177_2,115.789904,-32.048209,507041177,Bicton - Palmyra,Western Australia,192,100
507041178_1,115.830476,-32.044818,507041178,Booragoon,Western Australia,296,100
507041178_2,115.851852,-32.028489,507041178,Booragoon,Western Australia,296,100
507041178_3,115.843413,-32.038536,507041178,Booragoon,Western Australia,296,100
507041179_1,115.858488,-32.064129,507041179,Bull Creek,Western Australia,188,100
507041179_2,115.869682,-32.061687,507041179,Bull Creek,Western Australia,188,100
507041180_1,115.853616,-32.071425,507041180,Leeming,Western Australia,155,100
507041180_2,115.875972,-32.067199,507041180,Leeming,Western Australia,155,100
507041181_1,115.804633,-32.029676,507041181,Melville,Western Australia,228,100
507041181_2,115.796253,-32.040119,507041181,Melville,Western Australia,228,100
507041181_3,115.799565,-32.032081,507041181,Melville,Western Australia,228,100
507041182_1,115.838293,-32.073664,507041182,Murdoch - Kardinya,Western Australia,354,100
507041182_2,115.82,-32.073198,507041182,Murdoch - Kardinya,Western Australia,354,100
507041182_3,115.844721,-32.067794,507041182,Murdoch - Kardinya,Western Australia,354,100
507041182_4,115.83098,-32.072227,507041182,Murdoch - Kardinya,Western Australia,354,100
507041183_1,115.800749,-32.048196,507041183,Willagee,Western Australia,62,100
507041184_1,115.81819,-32.05587,507041184,Winthrop,Western Australia,88,100
507051186_1,115.768972,-32.287313,507051186,Cooloongup,Western Australia,62,100
507051187_1,115.745534,-32.35279,507051187,Port Kennedy,Western Australia,135,100
507051187_2,115.749774,-32.351409,507051187,Port Kennedy,Western Australia,135,100
507051188_1,115.673586,-32.190785,507051188,Rockingham,Western Australia,222,100
507051188_2,115.670734,-32.194006,507051188,Rockingham,Western Australia,222,100
507051188_3,115.67568,-32.210825,507051188,Rockingham,Western Australia,222,100
507051190_1,115.704008,-32.296307,507051190,Safety Bay - Shoalwater,Western Australia,100,100
507051191_1,115.754998,-32.406091,507051191,Singleton - Golden Bay - Secret Harbour,Western Australia,305,100
507051191_2,115.762764,-32.420925,507051191,Singleton - Golden Bay - Secret Harbour,Western Australia,305,100
507051191_3,115.747482,-32.419066,507051191,Singleton - Golden Bay - Secret Harbour,Western Australia,305,100
507051191_4,115.764093,-32.413226,507051191,Singleton - Golden Bay - Secret Harbour,Western Australia,305,100
507051192_1,115.760471,-32.31498,507051192,Waikiki,Western Australia,108,100
507051192_2,115.763674,-32.309715,507051192,Waikiki,Western Australia,108,100
507051193_1,115.75649,-32.338093,507051193,Warnbro,Western Australia,107,100
507051193_2,115.746727,-32.332605,507051193,Warnbro,Western Australia,107,100
507051312_1,115.862569,-32.341267,507051312,Baldivis - North,Western Australia,296,100
507051312_2,115.851427,-32.286153,507051312,Baldivis - North,Western Australia,296,100
507051312_3,115.85003,-32.289608,507051312,Baldivis - North,Western Australia,296,100
507051313_1,115.816133,-32.358879,507051313,Baldivis - South,Western Australia,319,100
507051313_2,115.818502,-32.377388,507051313,Baldivis - South,Western Australia,319,100
507051313_3,115.798338,-32.382619,507051313,Baldivis - South,Western Australia,319,100
507051313_4,115.807506,-32.362322,507051313,Baldivis - South,Western Australia,319,100
507051314_1,115.8086,-32.41352,507051314,Karnup,Western Australia,14,100
509011225_1,117.878539,-35.029637,509011225,Albany,Western Australia,113,100
509011225_2,117.901048,-35.024689,509011225,Albany,Western Australia,113,100
509011226_1,118.309819,-34.896818,509011226,Albany Surrounds,Western Australia,19,100
509011227_1,117.936784,-34.983386,509011227,Bayonet Head - Lower King,Western Australia,16,100
509011228_1,116.802137,-34.922336,509011228,Denmark,Western Australia,14,100
509011229_1,118.206455,-33.799176,509011229,Gnowangerup,Western Australia,16,100
509011230_1,117.852099,-33.641984,509011230,Katanning,Western Australia,31,100
509011231_1,117.29747,-33.763201,509011231,Kojonup,Western Australia,19,100
509011232_1,117.748102,-35.039128,509011232,Little Grove - Elleker,Western Australia,9,100
509011233_1,117.834433,-35.014814,509011233,McKail - Willyung,Western Australia,37,100
509011234_1,116.883253,-34.638651,509011234,Plantagenet,Western Australia,12,100
509021236_1,115.876089,-31.558825,509021236,Chittering,Western Australia,12,100
509021237_1,117.290992,-31.687541,509021237,Cunderdin,Western Australia,18,100
509021238_1,117.357332,-30.338725,509021238,Dowerin,Western Australia,11,100
509021239_1,115.748675,-30.977645,509021239,Gingin - Dandaragan,Western Australia,121,100
509021239_2,116.00811,-31.17623,509021239,Gingin - Dandaragan,Western Australia,121,100
509021240_1,118.284593,-32.082783,509021240,Merredin,Western Australia,46,100
509021241_1,116.589999,-30.375659,509021241,Moora,Western Australia,29,100
509021242_1,119.109611,-30.545178,509021242,Mukinbudin,Western Australia,14,100
509021243_1,116.62966,-31.563304,509021243,Northam,Western Australia,41,100
509021244_1,116.391274,-31.367332,509021244,Toodyay,Western Australia,11,100
509021245_1,116.386851,-32.199036,509021245,York - Beverley,Western Australia,3,100
509031246_1,116.742649,-32.687646,509031246,Brookton,Western Australia,11,100
509031247_1,119.700988,-32.702157,509031247,Kulin,Western Australia,19,100
509031248_1,116.516242,-32.733815,509031248,Murray,Western Australia,11,100
509031249_1,117.192065,-32.870866,509031249,Narrogin,Western Australia,35,100
509031250_1,116.928668,-32.933471,509031250,Wagin,Western Australia,11,100
510011262_1,122.241585,-17.922027,510011262,Broome,Western Australia,198,100
510011262_2,122.249543,-17.925015,510011262,Broome,Western Australia,198,100
510011263_1,123.816008,-17.8143,510011263,Derby - West Kimberley,Western Australia,43,100
510011264_1,126.649608,-20.566099,510011264,Halls Creek,Western Australia,14,100
510011265_1,128.265758,-16.36593,510011265,Kununurra,Western Australia,63,100
510011266_1,122.545987,-18.88083,510011266,Roebuck,Western Australia,12,100
510021267_1,125.302412,-20.470735,510021267,East Pilbara,Western Australia,33,100
510021268_1,119.737884,-23.352267,510021268,Newman,Western Australia,43,100
510021269_1,118.651383,-20.334849,510021269,Port Hedland,Western Australia,35,100
510021270_1,118.621242,-20.397157,510021270,South Hedland,Western Australia,139,100
510021270_2,118.625319,-20.418519,510021270,South Hedland,Western Australia,139,100
510031271_1,115.767021,-22.946355,510031271,Ashburton (WA),Western Australia,111,100
510031271_2,117.636585,-22.725401,510031271,Ashburton (WA),Western Australia,111,100
510031272_1,116.8693,-20.76064,510031272,Karratha,Western Australia,250,100
510031272_2,116.856603,-20.756714,510031272,Karratha,Western Australia,250,100
510031272_3,116.784299,-20.748178,510031272,Karratha,Western Australia,250,100
510031273_1,117.885268,-20.828753,510031273,Roebourne,Western Australia,30,100
511011274_1,121.870222,-33.861096,511011274,Esperance,Western Australia,33,100
511011275_1,122.439925,-32.963304,511011275,Esperance Surrounds,Western Australia,28,100
511021276_1,113.676856,-24.908407,511021276,Carnarvon,Western Australia,42,100
511021277_1,113.900687,-22.558157,511021277,Exmouth,Western Australia,46,100
511031278_1,121.483503,-30.776746,511031278,Boulder,Western Australia,43,100
511031279_1,121.481193,-30.744943,511031279,Kalgoorlie,Western Australia,234,100
511031279_2,121.495578,-30.72685,511031279,Kalgoorlie,Western Australia,234,100
511031279_3,121.436158,-30.785854,511031279,Kalgoorlie,Western Australia,234,100
511031280_1,121.425761,-30.762667,511031280,Kalgoorlie - North,Western Australia,117,100
511031280_2,121.45138,-30.722403,511031280,Kalgoorlie - North,Western Australia,117,100
511031282_1,128.773495,-31.044352,511031282,Kambalda - Coolgardie - Norseman,Western Australia,38,100
511031283_1,125.627525,-29.239193,511031283,Leinster - Leonora,Western Australia,26,100
511041285_1,114.61195,-28.768456,511041285,Geraldton,Western Australia,70,100
511041286_1,114.648832,-28.805148,511041286,Geraldton - East,Western Australia,24,100
511041287_1,114.661697,-28.714777,511041287,Geraldton - North,Western Australia,27,100
511041288_1,114.658988,-28.884095,511041288,Geraldton - South,Western Australia,51,100
511041289_1,114.997506,-29.274444,511041289,Irwin,Western Australia,6,100
511041290_1,115.406153,-26.919594,511041290,Meekatharra,Western Australia,16,100
511041291_1,116.002377,-29.118111,511041291,Morawa,Western Australia,16,100
511041292_1,114.437594,-27.832085,511041292,Northampton - Mullewa - Greenough,Western Australia,19,100
601011001_1,147.139189,-42.713548,601011001,Bridgewater - Gagebrook,Tasmania,3,100
601011002_1,147.372044,-42.723865,601011002,Brighton - Pontville,Tasmania,8,100
601011003_1,147.292915,-42.787954,601011003,Old Beach - Otago,Tasmania,12,100
601021004_1,147.384127,-42.870319,601021004,Bellerive - Rosny,Tasmania,41,100
601021005_1,147.403619,-42.802541,601021005,Cambridge,Tasmania,33,100
601021006_1,147.328443,-42.818276,601021006,Geilston Bay - Risdon,Tasmania,17,100
601021007_1,147.403776,-42.872974,601021007,Howrah - Tranmere,Tasmania,72,100
601021008_1,147.371355,-42.854389,601021008,Lindisfarne - Rose Bay,Tasmania,50,100
601021009_1,147.39471,-42.850561,601021009,Mornington - Warrane,Tasmania,34,100
601021010_1,147.398324,-42.776686,601021010,Risdon Vale,Tasmania,4,100
601021011_1,147.429082,-42.886318,601021011,Rokeby,Tasmania,17,100
601021012_1,147.478438,-43.018182,601021012,South Arm,Tasmania,21,100
601031013_1,147.197689,-42.742361,601031013,Austins Ferry - Granton,Tasmania,23,100
601031014_1,147.213063,-42.823988,601031014,Berriedale - Chigwell,Tasmania,49,100
601031015_1,147.200252,-42.796706,601031015,Claremont (Tas.),Tasmania,26,100
601031016_1,147.310544,-42.842721,601031016,Derwent Park - Lutana,Tasmania,40,100
601031017_1,147.250961,-42.835269,601031017,Glenorchy,Tasmania,72,100
601031018_1,147.269219,-42.825411,601031018,Montrose - Rosetta,Tasmania,32,100
601031019_1,147.302054,-42.849233,601031019,Moonah,Tasmania,60,100
601031020_1,147.180571,-42.803813,601031020,New Norfolk,Tasmania,9,100
601031021_1,147.278226,-42.843351,601031021,West Moonah,Tasmania,44,100
601041022_1,147.299189,-42.9593,601041022,Kingston - Huntingfield,Tasmania,97,100
601041023_1,147.313802,-43.042734,601041023,Kingston Beach - Blackmans Bay,Tasmania,70,100
601041024_1,147.248304,-43.037745,601041024,Margate - Snug,Tasmania,25,100
601041026_1,147.334235,-42.967807,601041026,Taroona - Bonnet Hill,Tasmania,19,100
601051027_1,147.328726,-42.884818,601051027,Hobart,Tasmania,192,100
601051027_2,147.337237,-42.890103,601051027,Hobart,Tasmania,192,100
601051028_1,147.28166,-42.859814,601051028,Lenah Valley - Mount Stuart,Tasmania,63,100
601051029_1,147.317857,-42.924361,601051029,Mount Nelson - Dynnyrne,Tasmania,119,100
601051029_2,147.312868,-42.915345,601051029,Mount Nelson - Dynnyrne,Tasmania,119,100
601051030_1,147.299648,-42.852411,601051030,New Town,Tasmania,84,100
601051031_1,147.325084,-42.895285,601051031,Sandy Bay,Tasmania,308,100
601051031_2,147.356047,-42.930631,601051031,Sandy Bay,Tasmania,308,100
601051031_3,147.352831,-42.918597,601051031,Sandy Bay,Tasmania,308,100
601051031_4,147.335785,-42.91212,601051031,Sandy Bay,Tasmania,308,100
601051032_1,147.287888,-42.93548,601051032,South Hobart - Fern Tree,Tasmania,66,100
601051033_1,147.311873,-42.875536,601051033,West Hobart,Tasmania,63,100
601061034_1,147.741518,-42.850462,601061034,Dodges Ferry - Lewisham,Tasmania,22,100
601061035_1,147.3954,-42.754946,601061035,Sorell - Richmond,Tasmania,38,100
602011036_1,147.139608,-41.408795,602011036,Invermay,Tasmania,36,100
602011037_1,147.156612,-41.475453,602011037,Kings Meadows - Punchbowl,Tasmania,16,100
602011038_1,147.155211,-41.423444,602011038,Launceston,Tasmania,86,100
602011039_1,147.055463,-41.382572,602011039,Legana,Tasmania,16,100
602011040_1,147.134182,-41.401385,602011040,Mowbray,Tasmania,79,100
602011041_1,147.168778,-41.386376,602011041,Newnham - Mayfield,Tasmania,132,100
602011041_2,147.170195,-41.389602,602011041,Newnham - Mayfield,Tasmania,132,100
602011042_1,147.160451,-41.434705,602011042,Newstead,Tasmania,35,100
602011043_1,147.177522,-41.444601,602011043,Norwood (Tas.),Tasmania,10,100
602011044_1,147.09498,-41.47386,602011044,Prospect Vale - Blackstone,Tasmania,19,100
602011045_1,147.197843,-41.398053,602011045,Ravenswood,Tasmania,7,100
602011046_1,146.987698,-41.4225,602011046,Riverside,Tasmania,26,100
602011047_1,147.15633,-41.456661,602011047,South Launceston,Tasmania,37,100
602011048_1,147.132741,-41.495141,602011048,Summerhill - Prospect,Tasmania,14,100
602011049_1,147.104093,-41.43397,602011049,Trevallyn,Tasmania,24,100
602011050_1,147.279481,-41.471211,602011050,Waverley - St Leonards,Tasmania,17,100
602011051_1,147.127951,-41.457868,602011051,West Launceston,Tasmania,20,100
602011052_1,147.198186,-41.487238,602011052,Youngtown - Relbia,Tasmania,7,100
602021053_1,146.712556,-41.133063,602021053,Beauty Point - Beaconsfield,Tasmania,10,100
602021054_1,146.35191,-41.577156,602021054,Deloraine,Tasmania,31,100
602021055_1,146.943842,-41.268101,602021055,Grindelwald - Lanena,Tasmania,16,100
602021056_1,146.970235,-41.573964,602021056,Hadspen - Carrick,Tasmania,5,100
602021057_1,146.907492,-41.526893,602021057,Westbury,Tasmania,9,100
602031058_1,147.27289,-41.373601,602031058,Dilston - Lilydale,Tasmania,7,100
602031059_1,146.917763,-41.111172,602031059,George Town,Tasmania,20,100
602031060_1,147.077641,-41.648361,602031060,Longford,Tasmania,16,100
602031061_1,147.260951,-41.727898,602031061,Northern Midlands,Tasmania,7,100
602031062_1,147.183043,-41.536493,602031062,Perth - Evandale,Tasmania,7,100
602031064_1,148.202765,-40.91945,602031064,St Helens - Scamander,Tasmania,21,100
602031100_1,147.53825,-41.085966,602031100,Scottsdale - Bridport,Tasmania,15,100
603011065_1,146.258083,-42.176709,603011065,Central Highlands,Tasmania,5,100
603011066_1,146.688869,-42.823757,603011066,Derwent Valley,Tasmania,5,100
603011067_1,147.557367,-42.466938,603011067,Southern Midlands,Tasmania,4,100
603021069_1,147.173207,-43.479499,603021069,Bruny Island - Kettering,Tasmania,16,100
603021070_1,147.131461,-43.182689,603021070,Cygnet,Tasmania,15,100
603021071_1,147.050276,-43.261206,603021071,Geeveston - Dover,Tasmania,25,100
603021072_1,147.039048,-42.922325,603021072,Huonville - Franklin,Tasmania,28,100
603031073_1,147.74261,-43.165342,603031073,Forestier - Tasman,Tasmania,5,100
603031074_1,147.969513,-42.470657,603031074,Triabunna - Bicheno,Tasmania,20,100
604011075_1,145.901227,-41.066384,604011075,Acton - Upper Burnie,Tasmania,11,100
604011076_1,145.754649,-41.259577,604011076,Burnie - Ulverstone Surrounds,Tasmania,5,100
604011077_1,145.899285,-41.049395,604011077,Burnie - Wivenhoe,Tasmania,17,100
604011078_1,145.841845,-41.063909,604011078,Parklands - Camdale,Tasmania,23,100
604011079_1,146.040286,-41.10943,604011079,Penguin - Sulphur Creek,Tasmania,7,100
604011080_1,145.884627,-41.104708,604011080,Romaine - Havenview,Tasmania,11,100
604011081_1,145.808059,-41.06031,604011081,Somerset,Tasmania,5,100
604011082_1,146.189334,-41.190397,604011082,Ulverstone,Tasmania,16,100
604011083_1,146.116161,-41.134995,604011083,West Ulverstone,Tasmania,7,100
604011084_1,145.71611,-41.041576,604011084,Wynyard,Tasmania,17,100
604021085_1,146.331313,-41.185344,604021085,Devonport,Tasmania,58,100
604021086_1,146.397577,-41.183252,604021086,East Devonport,Tasmania,22,100
604021087_1,146.497491,-41.26102,604021087,Latrobe,Tasmania,14,100
604021088_1,146.2786,-41.206629,604021088,Miandetta - Don,Tasmania,8,100
604021089_1,146.636097,-41.200203,604021089,Port Sorell,Tasmania,17,100
604021090_1,146.369939,-41.236178,604021090,Quoiba - Spreyton,Tasmania,6,100
604021091_1,146.235961,-41.367702,604021091,Sheffield - Railton,Tasmania,19,100
604021092_1,146.277708,-41.253696,604021092,Turners Beach - Forth,Tasmania,7,100
604031093_1,143.915769,-39.851725,604031093,King Island,Tasmania,7,100
604031094_1,144.738636,-41.007091,604031094,North West,Tasmania,18,100
604031095_1,145.125134,-40.842918,604031095,Smithton,Tasmania,16,100
604031096_1,145.738212,-41.063472,604031096,Waratah,Tasmania,4,100
604031097_1,145.255736,-41.829434,604031097,West Coast (Tas.),Tasmania,7,100
701011002_1,130.839291,-12.463592,701011002,Darwin City,Northern Territory,430,100
701011002_2,130.842813,-12.456527,701011002,Darwin City,Northern Territory,430,100
701011002_3,130.849145,-12.463791,701011002,Darwin City,Northern Territory,430,100
701011002_4,130.843022,-12.46107,701011002,Darwin City,Northern Territory,430,100
701011002_5,130.835338,-12.459413,701011002,Darwin City,Northern Territory,430,100
701011004_1,130.843475,-12.423467,701011004,Fannie Bay - The Gardens,Northern Territory,78,100
701011005_1,130.818564,-12.459377,701011005,Larrakeyah,Northern Territory,150,100
701011005_2,130.822516,-12.449696,701011005,Larrakeyah,Northern Territory,150,100
701011006_1,130.852018,-12.409086,701011006,Ludmilla - The Narrows,Northern Territory,38,100
701011007_1,130.852813,-12.430228,701011007,Parap,Northern Territory,108,100
701011007_2,130.84028,-12.436287,701011007,Parap,Northern Territory,108,100
701011008_1,130.844625,-12.449486,701011008,Stuart Park,Northern Territory,178,100
701011008_2,130.844878,-12.450296,701011008,Stuart Park,Northern Territory,178,100
701011009_1,130.887317,-12.430586,701011009,Woolner - Bayview - Winnellie,Northern Territory,47,100
701021010_1,130.876452,-12.378672,701021010,Alawa,Northern Territory,67,100
701021011_1,130.890218,-12.391691,701021011,Anula,Northern Territory,26,100
701021012_1,130.929936,-12.449911,701021012,Berrimah,Northern Territory,26,100
701021013_1,130.871283,-12.366966,701021013,Brinkin - Nakara,Northern Territory,143,100
701021013_2,130.869647,-12.371695,701021013,Brinkin - Nakara,Northern Territory,143,100
701021016_1,130.848297,-12.400083,701021016,Coconut Grove,Northern Territory,94,100
701021018_1,130.872075,-12.385384,701021018,Jingili,Northern Territory,30,100
701021019_1,130.916552,-12.405666,701021019,Karama,Northern Territory,88,100
701021020_1,130.898106,-12.368113,701021020,Leanyer,Northern Territory,77,100
701021021_1,130.880627,-12.347389,701021021,Lyons (NT),Northern Territory,114,100
701021021_2,130.896143,-12.332564,701021021,Lyons (NT),Northern Territory,114,100
701021022_1,130.905413,-12.398003,701021022,Malak - Marrara,Northern Territory,58,100
701021023_1,130.859138,-12.389247,701021023,Millner,Northern Territory,69,100
701021024_1,130.880495,-12.386605,701021024,Moil,Northern Territory,50,100
701021025_1,130.848159,-12.388322,701021025,Nightcliff,Northern Territory,101,100
701021025_2,130.844721,-12.385727,701021025,Nightcliff,Northern Territory,101,100
701021026_1,130.858972,-12.381727,701021026,Rapid Creek,Northern Territory,98,100
701021027_1,130.878769,-12.35714,701021027,Tiwi,Northern Territory,62,100
701021028_1,130.88476,-12.377763,701021028,Wagaman,Northern Territory,64,100
701021029_1,130.889231,-12.372518,701021029,Wanguri,Northern Territory,30,100
701021030_1,130.895331,-12.382948,701021030,Wulagi,Northern Territory,37,100
701031031_1,131.007681,-12.451543,701031031,Howard Springs,Northern Territory,49,100
701031032_1,131.18696,-12.60328,701031032,Humpty Doo,Northern Territory,34,100
701031034_1,131.043821,-12.536324,701031034,Virginia,Northern Territory,18,100
701031035_1,131.380047,-12.589722,701031035,Weddell,Northern Territory,28,100
701041036_1,130.998696,-12.501799,701041036,Bakewell,Northern Territory,60,100
701041037_1,130.979662,-12.484535,701041037,Driver,Northern Territory,50,100
701041038_1,130.958793,-12.502609,701041038,Durack - Marlow Lagoon,Northern Territory,54,100
701041039_1,130.980897,-12.493439,701041039,Gray,Northern Territory,40,100
701041040_1,130.973523,-12.502765,701041040,Moulden,Northern Territory,13,100
701041041_1,130.986772,-12.480435,701041041,Palmerston - North,Northern Territory,45,100
701041042_1,130.982538,-12.532705,701041042,Palmerston - South,Northern Territory,79,100
701041043_1,130.985182,-12.518413,701041043,Rosebery - Bellamack,Northern Territory,97,100
701041044_1,130.978331,-12.499294,701041044,Woodroffe,Northern Territory,17,100
702011045_1,133.89189,-23.661142,702011045,Charles,Northern Territory,63,100
702011046_1,133.92047,-23.680784,702011046,East Side,Northern Territory,120,100
702011046_2,133.922119,-23.696583,702011046,East Side,Northern Territory,120,100
702011047_1,133.835763,-23.712979,702011047,Flynn (NT),Northern Territory,94,100
702011048_1,133.836333,-23.663084,702011048,Larapinta,Northern Territory,79,100
702011049_1,133.893296,-23.729931,702011049,Mount Johns,Northern Territory,207,100
702011049_2,133.910442,-23.713249,702011049,Mount Johns,Northern Territory,207,100
702011049_3,133.874996,-23.728234,702011049,Mount Johns,Northern Territory,207,100
702011050_1,130.257263,-25.036414,702011050,Petermann - Simpson,Northern Territory,55,100
702011051_1,133.75559,-23.738788,702011051,Ross,Northern Territory,15,100
702011052_1,137.925066,-22.431641,702011052,Sandover - Plenty,Northern Territory,5,100
702011053_1,130.105442,-19.513462,702011053,Tanami,Northern Territory,10,100
702011054_1,131.570342,-21.808375,702011054,Yuendumu - Anmatjere,Northern Territory,3,100
702021055_1,132.833938,-17.556648,702021055,Barkly,Northern Territory,13,100
702021056_1,134.217704,-19.675713,702021056,Tennant Creek,Northern Territory,33,100
702031057_1,131.772072,-12.452072,702031057,Alligator,Northern Territory,38,100
702031058_1,130.153986,-14.282501,702031058,Daly,Northern Territory,9,100
702031060_1,130.274823,-11.745334,702031060,Tiwi Islands,Northern Territory,5,100
702031061_1,133.9017,-12.75808,702031061,West Arnhem,Northern Territory,8,100
702041062_1,136.549338,-13.88539,702041062,Anindilyakwa,Northern Territory,6,100
702041063_1,135.151805,-13.477309,702041063,East Arnhem,Northern Territory,13,100
702041064_1,136.781628,-12.191655,702041064,Nhulunbuy,Northern Territory,23,100
702051065_1,133.172206,-15.014086,702051065,Elsey,Northern Territory,17,100
702051066_1,137.599317,-16.669469,702051066,Gulf,Northern Territory,12,100
702051067_1,132.581181,-14.768625,702051067,Katherine,Northern Territory,74,100
702051068_1,131.125784,-16.566218,702051068,Victoria River,Northern Territory,4,100
801011001_1,149.083769,-35.257456,801011001,Aranda,Australian Capital Territory,25,100
801011002_1,149.066355,-35.239031,801011002,Belconnen,Australian Capital Territory,242,100
801011002_2,149.059704,-35.231315,801011002,Belconnen,Australian Capital Territory,242,100
801011002_3,149.071231,-35.248296,801011002,Belconnen,Australian Capital Territory,242,100
801011003_1,149.090821,-35.24993,801011003,Bruce,Australian Capital Territory,190,100
801011003_2,149.099517,-35.24976,801011003,Bruce,Australian Capital Territory,190,100
801011004_1,149.041335,-35.195401,801011004,Charnwood,Australian Capital Territory,19,100
801011005_1,149.070341,-35.25932,801011005,Cook,Australian Capital Territory,17,100
801011006_1,149.021891,-35.193844,801011006,Dunlop,Australian Capital Territory,23,100
801011007_1,149.079567,-35.208054,801011007,Evatt,Australian Capital Territory,40,100
801011008_1,149.057168,-35.22245,801011008,Florey,Australian Capital Territory,47,100
801011009_1,149.045802,-35.208317,801011009,Flynn (ACT),Australian Capital Territory,26,100
801011010_1,149.049096,-35.190159,801011010,Fraser,Australian Capital Territory,12,100
801011011_1,149.093067,-35.216713,801011011,Giralang,Australian Capital Territory,17,100
801011013_1,149.042093,-35.246513,801011013,Hawker,Australian Capital Territory,38,100
801011014_1,149.03047,-35.233509,801011014,Higgins,Australian Capital Territory,20,100
801011015_1,149.017278,-35.225172,801011015,Holt,Australian Capital Territory,29,100
801011016_1,149.094856,-35.231631,801011016,Kaleen,Australian Capital Territory,113,100
801011016_2,149.102181,-35.233628,801011016,Kaleen,Australian Capital Territory,113,100
801011017_1,149.024427,-35.215095,801011017,Latham,Australian Capital Territory,22,100
801011018_1,149.097538,-35.226127,801011018,Lawson,Australian Capital Territory,17,100
801011019_1,148.998505,-35.212963,801011019,Macgregor (ACT),Australian Capital Territory,47,100
801011020_1,149.054223,-35.255026,801011020,Macquarie,Australian Capital Territory,40,100
801011021_1,149.084314,-35.21275,801011021,McKellar,Australian Capital Territory,17,100
801011022_1,149.054555,-35.203281,801011022,Melba,Australian Capital Territory,37,100
801011023_1,149.045955,-35.241204,801011023,Page,Australian Capital Territory,48,100
801011024_1,149.041208,-35.234719,801011024,Scullin,Australian Capital Territory,38,100
801011025_1,149.060331,-35.199847,801011025,Spence,Australian Capital Territory,15,100
801011026_1,149.054278,-35.249385,801011026,Weetangera,Australian Capital Territory,13,100
801011142_1,148.98185,-35.214792,801011142,Macnamara,Australian Capital Territory,2,100
801011143_1,148.989636,-35.2385,801011143,Strathnairn,Australian Capital Territory,13,100
801031113_1,149.1322,-35.380295,801031113,Canberra East,Australian Capital Territory,9,100
801031115_1,149.245376,-35.248935,801031115,Majura,Australian Capital Territory,4,100
801041034_1,149.123729,-35.168879,801041034,Amaroo,Australian Capital Territory,45,100
801041035_1,149.141331,-35.155709,801041035,Bonner,Australian Capital Territory,73,100
801041036_1,149.089671,-35.171729,801041036,Casey,Australian Capital Territory,48,100
801041037_1,149.113661,-35.205998,801041037,Crace,Australian Capital Territory,40,100
801041038_1,149.149821,-35.168587,801041038,Forde,Australian Capital Territory,43,100
801041039_1,149.134462,-35.202007,801041039,Franklin,Australian Capital Territory,157,100
801041039_2,149.13882,-35.205118,801041039,Franklin,Australian Capital Territory,157,100
801041040_1,149.132983,-35.186582,801041040,Gungahlin,Australian Capital Territory,146,100
801041040_2,149.13956,-35.190861,801041040,Gungahlin,Australian Capital Territory,146,100
801041044_1,149.159467,-35.207958,801041044,Harrison,Australian Capital Territory,186,100
801041044_2,149.15394,-35.205482,801041044,Harrison,Australian Capital Territory,186,100
801041046_1,149.11338,-35.178295,801041046,Ngunnawal,Australian Capital Territory,72,100
801041047_1,149.108845,-35.189097,801041047,Nicholls,Australian Capital Territory,44,100
801041048_1,149.126224,-35.195072,801041048,Palmerston,Australian Capital Territory,62,100
801041118_1,149.129934,-35.153296,801041118,Jacka,Australian Capital Territory,6,100
801041120_1,149.107892,-35.159327,801041120,Moncrieff,Australian Capital Territory,30,100
801041121_1,149.1011,-35.141876,801041121,Taylor,Australian Capital Territory,43,100
801041122_1,149.15989,-35.18817,801041122,Throsby,Australian Capital Territory,18,100
801051049_1,149.110771,-35.281204,801051049,Acton,Australian Capital Territory,174,100
801051049_2,149.110529,-35.270131,801051049,Acton,Australian Capital Territory,174,100
801051050_1,149.138901,-35.2657,801051050,Ainslie,Australian Capital Territory,57,100
801051051_1,149.136939,-35.275917,801051051,Braddon,Australian Capital Territory,96,100
801051053_1,149.125475,-35.28344,801051053,Civic,Australian Capital Territory,147,100
801051053_2,149.130185,-35.281742,801051053,Civic,Australian Capital Territory,147,100
801051054_1,149.133573,-35.258034,801051054,Dickson,Australian Capital Territory,47,100
801051055_1,149.136884,-35.24165,801051055,Downer,Australian Capital Territory,73,100
801051056_1,149.170296,-35.249981,801051056,Hackett,Australian Capital Territory,26,100
801051057_1,149.12735,-35.247844,801051057,Lyneham,Australian Capital Territory,66,100
801051058_1,149.115021,-35.248815,801051058,O'Connor (ACT),Australian Capital Territory,58,100
801051060_1,149.120141,-35.266673,801051060,Turner,Australian Capital Territory,67,100
801051061_1,149.155343,-35.229141,801051061,Watson,Australian Capital Territory,55,100
801051124_1,149.150495,-35.286917,801051124,Campbell,Australian Capital Territory,43,100
801051125_1,149.165372,-35.300363,801051125,Duntroon,Australian Capital Territory,36,100
801051126_1,149.14517,-35.294241,801051126,Parkes (ACT) - North,Australian Capital Territory,3,100
801051127_1,149.143821,-35.284386,801051127,Reid,Australian Capital Territory,23,100
801061062_1,149.108635,-35.323435,801061062,Deakin,Australian Capital Territory,18,100
801061063_1,149.121735,-35.315153,801061063,Forrest,Australian Capital Territory,18,100
801061064_1,149.13643,-35.323562,801061064,Griffith (ACT),Australian Capital Territory,68,100
801061067_1,149.154306,-35.340408,801061067,Narrabundah,Australian Capital Territory,90,100
801061069_1,149.114971,-35.329644,801061069,Red Hill (ACT),Australian Capital Territory,35,100
801061070_1,149.109935,-35.311044,801061070,Yarralumla,Australian Capital Territory,30,100
801061129_1,149.134823,-35.307255,801061129,Barton,Australian Capital Territory,21,100
801061131_1,149.14727,-35.316034,801061131,Kingston (ACT),Australian Capital Territory,91,100
801071071_1,149.096126,-35.470836,801071071,Banks,Australian Capital Territory,12,100
801071072_1,149.074134,-35.431104,801071072,Bonython,Australian Capital Territory,41,100
801071073_1,149.100813,-35.447813,801071073,Calwell,Australian Capital Territory,30,100
801071074_1,149.121668,-35.417714,801071074,Chisholm,Australian Capital Territory,22,100
801071075_1,149.107108,-35.466811,801071075,Conder,Australian Capital Territory,17,100
801071076_1,149.123848,-35.401659,801071076,Fadden,Australian Capital Territory,12,100
801071077_1,149.142469,-35.410722,801071077,Gilmore,Australian Capital Territory,11,100
801071078_1,149.074628,-35.460351,801071078,Gordon (ACT),Australian Capital Territory,32,100
801071079_1,149.106283,-35.408092,801071079,Gowrie (ACT),Australian Capital Territory,12,100
801071080_1,149.064977,-35.415703,801071080,Greenway,Australian Capital Territory,51,100
801071081_1,149.09389,-35.43335,801071081,Isabella Plains,Australian Capital Territory,20,100
801071082_1,149.043892,-35.378586,801071082,Kambah,Australian Capital Territory,65,100
801071083_1,149.132332,-35.409145,801071083,Macarthur,Australian Capital Territory,4,100
801071084_1,149.079874,-35.417262,801071084,Monash,Australian Capital Territory,36,100
801071086_1,149.081205,-35.409501,801071086,Oxley (ACT),Australian Capital Territory,5,100
801071087_1,149.113075,-35.421134,801071087,Richardson,Australian Capital Territory,15,100
801071088_1,149.114768,-35.447939,801071088,Theodore,Australian Capital Territory,13,100
801071090_1,149.090389,-35.407207,801071090,Wanniassa,Australian Capital Territory,42,100
801081091_1,149.0309,-35.353761,801081091,Chapman,Australian Capital Territory,12,100
801081092_1,149.03394,-35.332389,801081092,Duffy,Australian Capital Territory,28,100
801081093_1,149.063383,-35.360346,801081093,Fisher,Australian Capital Territory,35,100
801081094_1,149.037834,-35.336283,801081094,Holder,Australian Capital Territory,21,100
801081095_1,149.041908,-35.351395,801081095,Rivett,Australian Capital Territory,20,100
801081096_1,149.049423,-35.348559,801081096,Stirling,Australian Capital Territory,11,100
801081097_1,149.059814,-35.356146,801081097,Waramanga,Australian Capital Territory,22,100
801081098_1,149.06362,-35.338079,801081098,Weston,Australian Capital Territory,64,100
801081133_1,149.064851,-35.316733,801081133,Scrivener,Australian Capital Territory,2,100
801091099_1,149.074121,-35.355285,801091099,Chifley,Australian Capital Territory,39,100
801091100_1,149.076856,-35.327503,801091100,Curtin,Australian Capital Territory,57,100
801091101_1,149.109667,-35.374041,801091101,Farrer,Australian Capital Territory,24,100
801091102_1,149.104735,-35.348481,801091102,Garran,Australian Capital Territory,41,100
801091103_1,149.096188,-35.329143,801091103,Hughes,Australian Capital Territory,36,100
801091104_1,149.114755,-35.37383,801091104,Isaacs,Australian Capital Territory,21,100
801091105_1,149.068959,-35.338243,801091105,Lyons (ACT),Australian Capital Territory,53,100
801091106_1,149.094866,-35.355583,801091106,Mawson,Australian Capital Territory,48,100
801091107_1,149.121298,-35.353264,801091107,O'Malley,Australian Capital Territory,11,100
801091108_1,149.08244,-35.357063,801091108,Pearce,Australian Capital Territory,20,100
801091109_1,149.086829,-35.344555,801091109,Phillip,Australian Capital Territory,93,100
801091110_1,149.08318,-35.375575,801091110,Torrens,Australian Capital Territory,21,100
801101135_1,149.045542,-35.30958,801101135,Coombs,Australian Capital Territory,52,100
801101136_1,149.034066,-35.29423,801101136,Denman Prospect,Australian Capital Territory,24,100
801101139_1,149.036076,-35.323132,801101139,Wright,Australian Capital Territory,33,100
801101146_1,149.041376,-35.270476,801101146,Whitlam,Australian Capital Territory,51,100
801111140_1,149.03708,-35.49463,801111140,ACT - South West,Australian Capital Territory,5,100
901011001_1,105.648894,-10.531874,901011001,Christmas Island,Other Territories,16,100
901021002_1,96.923068,-12.167599,901021002,Cocos (Keeling) Islands,Other Territories,7,100
901031003_1,150.704926,-35.129939,901031003,Jervis Bay,Other Territories,1,100
901041004_1,167.950996,-29.039287,901041004,Norfolk Island,Other Territories,9,100
